0,3909
0.72,3907
1.45,3907
2.17,3907
2.9,3917
3.62,3911
4.35,3922
5.08,3924
5.8,3913
6.53,3932
7.25,3934
7.98,3864
8.7,3869
9.43,3946
10.16,3969
10.88,3969
0,3905
0.72,3907
1.45,3898
2.17,3917
2.9,3911
3.62,3911
4.35,3928
5.08,3922
5.8,3913
6.53,3932
7.25,3934
7.98,3864
8.7,3890
9.43,3959
10.16,3959
10.88,3969
11.61,3969
12.33,3985
13.06,4014
13.79,4016
14.51,4024
15.24,4014
15.96,4043
16.69,4049
17.41,4070
18.14,4098
18.87,4096
19.59,4141
20.32,4152
22.5,4244
23.22,4256
23.95,4284
24.67,4309
25.4,4341
26.12,4371
26.85,4398
27.58,4419
28.3,4447
29.03,4478
29.75,4523
30.48,4552
31.2,4590
31.93,4541
32.66,4462
33.38,4358
34.11,4270
34.83,4199
35.56,4109
36.29,4039
37.01,3971
37.74,3922
38.46,3851
39.19,3795
39.91,3744
47.9,3190
48.62,3179
49.35,3145
50.08,3119
72.58,2512
73.3,2500
74.03,2488
74.75,2479
75.48,2479
76.2,2469
76.93,2458
77.66,2448
78.38,2440
79.11,2439
79.83,2431
80.56,2419
81.29,2427
82.01,2413
82.74,2410
83.46,2404
84.19,2405
84.91,2399
85.64,2398
86.37,2392
87.09,2388
87.82,2392
88.54,2395
89.27,2391
90,2390
90.72,2391
91.45,2386
92.17,2391
92.9,2397
93.62,2394
94.35,2388
95.08,2386
97.25,12450
100.16,7660
100.88,7675
101.61,7683
104.51,13508
110.32,7813
111.04,7790
111.77,7414
112.5,6989
113.22,2680
113.95,2648
114.67,2627
115.4,2649
116.12,2666
116.85,2685
117.58,2696
118.3,2676
119.03,2665
119.75,2660
120.48,2653
121.2,2595
121.93,2549
122.66,2490
123.38,2436
124.11,2391
124.83,2339
125.56,2303
126.29,2264
127.01,2219
127.74,2187
128.46,2149
129.19,2123
129.91,2088
130.64,2053
131.37,2019
132.09,1992
132.82,1964
133.54,1936
134.27,1909
135,1881
135.72,1858
136.45,1834
137.17,1815
137.9,1794
138.62,1774
139.35,1751
140.08,1729
140.8,1705
141.53,1689
142.25,1673
142.98,1655
143.7,1641
144.43,1621
145.16,1608
145.88,1589
146.61,1575
147.33,1565
148.06,1551
148.79,1539
149.51,1526
150.24,1515
150.96,1500
151.69,1471
152.41,1465
153.14,1452
153.87,1440
154.59,1434
155.32,1431
156.04,1421
157.5,1412
158.22,1402
158.95,1398
159.67,1387
160.4,1379
161.12,1375
161.85,1368
162.58,1365
163.3,1360
164.03,1356
164.75,1351
165.48,1345
166.2,1339
166.93,1338
167.66,1333
168.38,1327
169.11,1327
169.83,1322
170.56,1322
171.29,1316
172.01,1315
172.74,1314
173.46,1313
174.19,1308
174.91,1308
175.64,1306
176.37,1306
177.09,1308
177.82,1304
178.54,1302
180,1302
180.72,1306
181.45,1306
182.17,1302
182.9,1302
183.62,1304
184.35,1305
185.08,1306
185.8,1308
186.53,1310
187.25,1313
187.98,1314
188.7,1317
189.43,1318
190.16,1323
190.88,1323
191.61,1328
192.33,1331
193.06,1333
193.79,1337
194.51,1342
195.24,1346
195.96,1352
196.69,1354
197.41,1361
198.14,1367
198.87,1373
199.59,1379
200.32,1382
201.04,1392
201.77,1399
202.5,1401
203.22,1412
203.95,1422
204.67,1424
205.4,1436
206.12,1445
206.85,1453
207.58,1465
208.3,1476
209.03,1486
209.75,1499
210.48,1510
211.2,1525
211.93,1534
212.66,1551
213.38,1564
214.11,1580
214.83,1598
215.56,1609
216.29,1630
217.01,1644
217.74,1665
218.46,1686
219.19,1707
219.91,1723
220.64,1761
221.37,1781
222.09,1803
222.82,1825
223.54,1844
224.27,1867
225,1885
225.72,1903
226.45,3202
227.17,3161
227.9,3129
228.62,3096
229.35,3040
230.08,3022
230.8,2983
231.53,1879
232.25,2377
232.98,2275
233.7,2253
234.43,2305
235.16,2323
235.88,2321
236.61,2333
237.33,2361
238.06,2495
238.79,2577
239.51,2646
240.24,2622
240.96,2631
241.69,2552
242.41,2544
243.14,2548
243.87,2543
244.59,2524
245.32,2515
246.04,2511
247.5,2511
248.22,2513
254.75,2642
255.48,2642
256.2,2552
256.93,2678
257.66,2660
258.38,2553
267.82,2763
268.54,2659
269.27,2657
270,2688
270.72,2713
272.9,2650
275.8,2636
276.53,2620
277.25,2631
277.98,2621
278.7,2585
279.43,2588
292.5,1622
293.95,2785
294.67,2826
304.11,1239
304.83,8391
305.56,3151
306.29,3210
307.01,3273
317.17,2436
317.9,3901
318.62,3948
319.35,3896
322.98,903
323.7,3537
324.43,4467
325.16,4462
325.88,4560
326.61,4181
327.33,4253
328.06,4356
328.79,4512
329.51,4558
330.24,4528
330.96,4483
331.69,4460
332.41,4431
333.14,4398
333.87,4358
334.59,4339
335.32,4305
336.04,4279
337.5,4251
338.22,4221
338.95,4215
339.67,1576
340.4,4058
341.12,1048
341.85,4130
342.58,3827
343.3,4165
344.03,4079
344.75,4068
345.48,4045
346.2,4033
346.93,4016
347.66,4006
348.38,4006
349.11,3971
349.83,3969
350.56,3953
351.29,3959
352.01,3959
352.74,3942
353.46,3894
354.19,3461
354.91,3492
355.64,3594
356.37,3656
357.09,3921
357.82,3909
358.54,3909
359.27,3894
0,3905
0.75,3907
1.5,3905
2.25,3911
3,3913
3.75,3909
4.5,3913
5.25,3924
6,3922
6.75,3932
7.5,3932
8.25,4221
9.75,3948
10.5,3953
11.25,3969
12,3977
12.75,3981
13.5,4002
14.25,4012
15,4026
15.75,4043
16.5,4041
17.25,4079
18,4096
18.75,4122
19.5,4141
20.25,4157
21,4179
22.5,4237
23.25,4246
24,4291
24.75,4307
25.5,4339
26.25,4371
27,4396
27.75,4419
28.5,4454
29.25,4488
30,4525
30.75,4560
31.5,4582
32.25,4509
33,4444
33.75,4331
34.5,4240
35.25,4159
36,4098
36.75,4018
37.5,3961
38.25,3896
39,3821
39.75,3758
48,3082
48.75,3187
49.5,3149
50.25,3121
72,2514
72.75,2502
73.5,2487
74.25,2483
75,2480
75.75,2468
76.5,2460
77.25,2446
78,2440
78.75,2438
79.5,2431
80.25,2421
81,2426
81.75,2411
82.5,2414
83.25,2403
84,2403
84.75,2401
85.5,2398
86.25,2395
87,2389
87.75,2387
88.5,2393
89.25,2390
90,2389
90.75,2385
91.5,2391
92.25,2396
93,2396
93.75,2398
94.5,2381
96.75,12567
97.5,12242
99.75,7728
100.5,7683
101.25,7638
104.25,13542
109.5,8096
110.25,7782
111,7631
111.75,7407
112.5,6944
113.25,2653
114,2666
114.75,2630
115.5,2655
116.25,2671
117,2693
117.75,2689
118.5,2671
119.25,2662
120,2658
120.75,2627
121.5,2574
122.25,2519
123,2464
123.75,2412
124.5,2365
125.25,2319
126,2278
126.75,2233
127.5,2200
128.25,2156
129,2127
129.75,2092
130.5,2063
131.25,2027
132,1996
132.75,1965
133.5,1939
134.25,1910
135,1880
135.75,1858
136.5,1834
137.25,1812
138,1791
138.75,1769
139.5,1746
140.25,1723
141,1702
141.75,1683
142.5,1669
143.25,1651
144,1631
144.75,1616
145.5,1599
146.25,1586
147,1571
147.75,1554
148.5,1544
149.25,1526
150,1519
150.75,1508
151.5,1476
152.25,1467
153,1457
153.75,1447
154.5,1439
155.25,1431
156,1419
157.5,1414
158.25,1404
159,1400
159.75,1387
160.5,1380
161.25,1374
162,1367
162.75,1366
163.5,1361
164.25,1355
165,1350
165.75,1345
166.5,1339
167.25,1338
168,1329
168.75,1328
169.5,1324
170.25,1319
171,1319
171.75,1316
172.5,1316
173.25,1314
174,1309
174.75,1309
175.5,1309
176.25,1306
177,1305
177.75,1305
178.5,1304
179.25,1303
180,1304
180.75,1305
181.5,1305
182.25,1302
183,1304
183.75,1305
184.5,1303
185.25,1309
186,1307
186.75,1311
187.5,1315
188.25,1316
189,1318
189.75,1322
190.5,1323
191.25,1327
192,1331
192.75,1334
193.5,1337
194.25,1343
195,1346
195.75,1353
196.5,1354
197.25,1360
198,1370
198.75,1372
199.5,1377
200.25,1391
201,1395
202.5,1403
203.25,1409
204,1416
204.75,1424
205.5,1431
206.25,1438
207,1449
207.75,1458
208.5,1470
209.25,1480
210,1496
210.75,1506
211.5,1521
212.25,1534
213,1549
213.75,1562
214.5,1577
215.25,1598
216,1610
216.75,1628
217.5,1643
218.25,1666
219,1687
219.75,1708
220.5,1733
221.25,1762
222,1786
222.75,1807
223.5,1828
224.25,1851
225,1875
225.75,1896
227.25,3181
228,3145
228.75,3111
229.5,3067
230.25,3041
231,2969
231.75,1778
232.5,2192
233.25,2245
234,2253
234.75,2304
235.5,2319
236.25,2325
237,2331
237.75,2351
238.5,2412
239.25,2566
240,2630
240.75,2639
241.5,2632
242.25,2552
243,2543
243.75,2548
244.5,2544
245.25,2519
246,2515
246.75,2509
247.5,2511
248.25,2524
255,2635
255.75,2629
256.5,2822
257.25,2674
258,2663
258.75,5869
267.75,2790
268.5,2658
269.25,2642
270,2683
270.75,2709
273,2702
276,2629
276.75,2623
277.5,2644
278.25,2580
279,2587
292.5,1246
293.25,12242
294,2781
294.75,2807
304.5,1560
306,3158
306.75,3245
307.5,3286
316.5,2004
317.25,5088
318,3924
318.75,3901
322.5,921
323.25,3140
324,5323
324.75,4467
325.5,4558
326.25,4201
327,4249
327.75,4361
328.5,4558
329.25,4547
330,4504
330.75,4478
331.5,4457
332.25,4421
333,4393
333.75,4358
334.5,4309
335.25,4305
336,4270
337.5,4246
338.25,4219
339,1065
339.75,4174
341.25,1056
342,4087
342.75,4454
343.5,4089
344.25,4064
345,4058
345.75,4035
346.5,4029
347.25,4008
348,4006
348.75,3981
349.5,3977
350.25,3955
351,3957
351.75,3953
352.5,3944
353.25,3913
354,3461
354.75,3499
355.5,3573
356.25,3668
357,3919
357.75,3911
358.5,3909
0,3905
0.75,3905
1.5,3905
2.25,3909
3,3905
3.75,3905
4.5,3909
5.25,3909
6,3919
6.75,3930
7.5,3930
8.25,3847
9,3890
9.75,3948
10.5,3959
11.25,3977
12,3973
12.75,3993
13.5,4018
14.25,4014
15,4022
15.75,4047
16.5,4043
17.25,4081
18,4096
18.75,4122
19.5,4137
20.25,4157
21,4176
22.5,4235
23.25,4249
24,4288
24.75,4312
25.5,4341
26.25,4366
27,4406
27.75,4426
28.5,4462
29.25,4363
30,4460
30.75,4563
31.5,4585
32.25,4491
33,4408
33.75,4302
34.5,4212
35.25,4126
36,4045
36.75,3977
37.5,3930
38.25,3849
39,3793
39.75,3756
48,2768
48.75,3187
49.5,3155
50.25,3124
72,2491
72.75,2501
73.5,2490
74.25,2486
75,2481
75.75,2471
76.5,2467
77.25,2448
78,2443
78.75,2437
79.5,2430
80.25,2420
81,2424
81.75,2413
82.5,2412
83.25,2403
84,2403
84.75,2402
85.5,2400
86.25,2393
87,2390
87.75,2386
88.5,2388
89.25,2387
90,2388
90.75,2384
91.5,2392
92.25,2396
93,2393
93.75,2393
94.5,2386
96,12663
96.75,12473
99.75,7698
100.5,7623
101.25,7782
103.5,13084
104.25,13982
107.25,14120
109.5,7767
110.25,7609
111,7400
112.5,6944
113.25,2649
114,2671
114.75,2639
115.5,2661
116.25,2673
117,2696
117.75,2680
118.5,2664
119.25,2657
120,2663
120.75,2612
121.5,2559
122.25,2498
123,2436
123.75,2393
124.5,2339
125.25,2300
126,2258
126.75,2216
127.5,2174
128.25,2143
129,2105
129.75,2068
130.5,2040
131.25,2010
132,1976
132.75,1950
133.5,1918
135,1888
135.75,1864
136.5,1839
137.25,1817
138,1795
138.75,1774
139.5,1749
140.25,1726
141,1703
141.75,1683
142.5,1669
143.25,1650
144,1631
144.75,1617
145.5,1598
146.25,1584
147,1571
147.75,1554
148.5,1541
149.25,1526
150,1516
150.75,1522
151.5,1474
152.25,1469
153,1452
153.75,1440
154.5,1433
155.25,1427
156,1417
157.5,1409
158.25,1404
159,1398
159.75,1386
160.5,1379
161.25,1372
162,1369
162.75,1364
163.5,1358
164.25,1349
165,1348
165.75,1339
166.5,1337
167.25,1334
168,1329
168.75,1327
169.5,1321
170.25,1320
171,1316
171.75,1315
172.5,1313
173.25,1311
174,1309
174.75,1308
175.5,1305
176.25,1305
177,1305
177.75,1305
178.5,1302
180,1304
180.75,1305
181.5,1303
182.25,1300
183,1304
183.75,1305
184.5,1306
185.25,1307
186,1311
186.75,1312
187.5,1315
188.25,1317
189,1319
189.75,1323
190.5,1327
191.25,1330
192,1334
192.75,1336
193.5,1344
194.25,1346
195,1351
195.75,1355
196.5,1359
197.25,1363
198,1371
198.75,1378
199.5,1387
200.25,1388
201,1398
202.5,1403
203.25,1415
204,1421
204.75,1429
205.5,1439
206.25,1449
207,1458
207.75,1461
208.5,1479
209.25,1496
210,1506
210.75,1521
211.5,1533
212.25,1550
213,1564
213.75,1580
214.5,1596
215.25,1611
216,1627
216.75,1648
217.5,1673
218.25,1691
219,1718
219.75,1744
220.5,1767
221.25,1793
222,1815
222.75,1834
223.5,1863
225,1888
225.75,1903
226.5,3234
227.25,3165
228,3120
228.75,3092
229.5,3040
230.25,3007
231,2972
231.75,1943
232.5,2341
233.25,2257
234,2282
234.75,2319
235.5,2324
236.25,2330
237,2348
237.75,2392
238.5,2558
239.25,2624
240,2660
240.75,2632
241.5,2549
242.25,2543
243,2549
243.75,2545
244.5,2513
245.25,2514
246,2517
247.5,2507
248.25,2535
254.25,2562
255,2640
255.75,2126
256.5,2681
257.25,2671
258,2226
268.5,2649
270,2655
270.75,2698
273,2647
276,2629
276.75,2621
277.5,2643
278.25,2595
279,2589
292.5,1445
293.25,8422
294,2789
303.75,1104
304.5,7041
305.25,3159
306,3206
306.75,3272
316.5,2026
317.25,4585
318,3928
318.75,3896
323.25,5038
324,4488
324.75,4457
325.5,4642
326.25,4210
327,4298
327.75,4391
328.5,4593
329.25,4552
330,4517
330.75,4462
331.5,4439
332.25,4403
333,4376
333.75,4343
334.5,4307
335.25,4293
337.5,4251
338.25,4224
339,2240
339.75,4179
340.5,3917
341.25,1054
342,4122
343.5,4087
344.25,4066
345,4049
345.75,4035
346.5,4031
347.25,4010
348,4004
348.75,3983
349.5,3979
350.25,3961
351,3955
351.75,3953
352.5,3944
353.25,3867
354,3461
354.75,3504
355.5,3562
356.25,3854
357,3915
357.75,3911
358.5,3905
0,3909
0.77,3905
1.55,3900
2.32,3915
3.1,3909
3.87,3903
4.65,3926
5.43,3922
6.2,3915
6.98,3926
7.75,3932
8.53,4035
9.31,3847
10.08,3948
10.86,3959
11.63,3967
12.41,3967
13.18,3993
13.96,4010
14.74,4024
15.51,4018
16.29,4039
17.06,4058
17.84,4094
18.62,4102
19.39,4124
20.17,4143
20.94,4163
22.5,4240
23.27,4249
24.05,4281
24.82,4305
25.6,4339
26.37,4366
27.15,4408
27.93,4429
28.7,4462
29.48,4351
30.25,4434
31.03,4568
31.81,4593
32.58,4483
33.36,4388
34.13,4284
34.91,4201
35.68,4106
36.46,4029
37.24,3967
38.01,3905
38.79,3827
39.56,3762
48.1,3065
48.87,3174
49.65,3130
72.15,2514
72.93,2501
73.7,2488
74.48,2479
75.25,2478
76.03,2467
76.81,2452
77.58,2448
78.36,2440
79.13,2436
79.91,2427
80.68,2421
81.46,2417
82.24,2410
83.01,2411
83.79,2403
84.56,2397
85.34,2398
86.12,2393
86.89,2389
87.67,2389
88.44,2393
89.22,2387
90,2388
90.77,2386
91.55,2390
92.32,2395
93.1,2393
93.87,2398
94.65,2390
96.2,12663
96.98,12473
100.08,7721
100.86,7616
101.63,7813
103.96,13542
107.06,13179
109.39,7884
110.17,7736
110.94,7602
112.5,7320
113.27,2677
114.05,2606
114.82,2617
115.6,2646
116.37,2669
117.15,2688
117.93,2692
118.7,2671
119.48,2660
120.25,2662
121.03,2627
121.81,2573
122.58,2512
123.36,2457
124.13,2402
124.91,2346
125.68,2305
126.46,2263
127.24,2218
128.01,2175
128.79,2143
129.56,2107
130.34,2068
131.12,2039
131.89,2008
132.67,1972
133.44,1945
134.22,1916
135,1883
135.77,1859
136.55,1834
137.32,1811
138.1,1787
138.87,1767
139.65,1744
140.43,1719
141.2,1698
141.98,1677
142.75,1662
143.53,1643
144.31,1623
145.08,1609
145.86,1591
146.63,1574
147.41,1560
148.18,1549
148.96,1532
149.74,1524
150.51,1510
151.29,1482
152.06,1466
152.84,1457
153.62,1445
154.39,1436
155.17,1431
155.94,1419
157.5,1410
158.27,1405
159.05,1398
159.82,1389
160.6,1376
161.37,1372
162.15,1370
162.93,1362
163.7,1358
164.48,1349
165.25,1346
166.03,1339
166.81,1338
167.58,1330
168.36,1328
169.13,1324
169.91,1319
170.68,1319
171.46,1317
172.24,1314
173.01,1312
173.79,1308
174.56,1308
175.34,1306
176.12,1306
176.89,1308
177.67,1304
178.44,1301
180,1302
180.77,1305
181.55,1304
182.32,1304
183.1,1303
183.87,1304
184.65,1304
185.43,1308
186.2,1307
186.98,1310
187.75,1315
188.53,1317
189.31,1319
190.08,1324
190.86,1323
191.63,1327
192.41,1333
193.18,1334
193.96,1342
194.74,1345
195.51,1350
196.29,1354
197.06,1358
197.84,1364
198.62,1371
199.39,1377
200.17,1388
200.94,1391
201.72,1400
202.5,1406
203.27,1416
204.05,1423
204.82,1432
205.6,1441
206.37,1450
207.15,1463
207.93,1474
208.7,1487
209.48,1499
210.25,1512
211.03,1526
211.81,1541
212.58,1556
213.36,1572
214.13,1588
214.91,1606
215.68,1623
216.46,1639
217.24,1661
218.01,1683
218.79,1707
219.56,1733
220.34,1763
221.12,1789
221.89,1808
222.67,1831
223.44,1858
225,1883
225.77,1898
226.55,3227
227.32,3161
228.1,3127
228.87,3099
229.65,3042
230.43,3004
231.2,2975
231.98,1963
232.75,2306
233.53,2255
234.31,2296
235.08,2319
235.86,2323
236.63,2331
237.41,2352
238.18,2440
238.96,2576
239.74,2648
240.51,2622
241.29,2628
242.06,2558
242.84,2558
243.62,2550
244.39,2535
245.17,2520
245.94,2515
247.5,2518
248.27,2514
255.25,2637
256.03,2601
256.81,2699
257.58,2676
258.36,2354
268.44,2750
269.22,2635
270,2687
270.77,2710
276.2,2620
276.98,2632
277.75,2612
278.53,2583
279.31,2587
292.5,1288
293.27,17752
294.05,2791
304.13,1440
305.68,3161
306.46,3253
307.24,3236
317.32,4507
318.1,3922
318.87,3938
319.65,3940
322.75,925
323.53,3111
324.31,4462
325.08,4457
325.86,4603
326.63,4192
327.41,4286
328.18,4386
328.96,4590
329.74,4552
330.51,4504
331.29,4467
332.06,4436
332.84,4401
333.62,4361
334.39,4339
335.17,4302
335.94,4272
337.5,4249
338.27,4219
339.05,1064
339.82,4183
341.37,1058
342.15,4070
342.93,4353
343.7,4087
344.48,4062
345.25,4049
346.03,4033
346.81,4018
347.58,4006
348.36,3987
349.13,3989
349.91,3969
350.68,3961
351.46,3955
352.24,3948
353.01,3946
353.79,3469
354.56,3484
355.34,3592
356.12,3651
356.89,3921
357.67,3913
358.44,3911
0,3903
0.8,3907
1.6,3903
2.41,3911
3.21,3909
4.01,3903
4.82,3924
5.62,3924
6.42,3915
7.23,3924
8.03,3930
8.83,4014
9.64,3926
10.44,3959
11.25,3965
12.05,3969
12.85,3977
13.66,4020
14.46,4014
15.26,4018
16.07,4049
16.87,4037
17.67,4075
18.48,4094
19.28,4109
20.08,4135
20.89,4157
22.5,4224
23.3,4253
24.1,4260
24.91,4293
25.71,4329
26.51,4358
27.32,4393
28.12,4416
28.92,4457
29.73,4483
30.53,4531
31.33,4566
32.14,4579
32.94,4494
33.75,4408
34.55,4298
35.35,4210
36.16,4115
36.96,4039
37.76,3965
38.57,3901
39.37,3827
40.17,3762
49.01,3187
49.82,3159
50.62,3125
72.32,2520
73.12,2499
73.92,2486
74.73,2480
75.53,2478
76.33,2465
77.14,2453
77.94,2448
78.75,2441
79.55,2435
80.35,2427
81.16,2424
81.96,2415
82.76,2413
83.57,2407
84.37,2403
85.17,2400
85.98,2399
86.78,2394
87.58,2391
88.39,2388
89.19,2390
90,2388
90.8,2394
91.6,2386
92.41,2393
93.21,2395
94.01,2394
94.82,2385
95.62,2419
97.23,12497
98.03,12735
100.44,7653
101.25,7660
102.05,7744
104.46,13491
105.26,13982
110.08,7836
110.89,7728
111.69,7609
112.5,7340
113.3,2677
114.1,2634
114.91,2620
115.71,2643
116.51,2671
117.32,2688
118.12,2687
118.92,2669
119.73,2663
120.53,2660
121.33,2621
122.14,2566
122.94,2499
123.75,2435
124.55,2391
125.35,2339
126.16,2292
126.96,2248
127.76,2213
128.57,2164
129.37,2132
130.17,2092
130.98,2062
131.78,2023
132.58,1989
133.39,1960
134.19,1930
135,1899
135.8,1874
136.6,1847
137.41,1819
138.21,1802
139.01,1774
139.82,1752
140.62,1727
141.42,1703
142.23,1683
143.03,1667
143.83,1648
144.64,1627
145.44,1613
146.25,1596
147.05,1577
147.85,1566
148.66,1551
149.46,1537
150.26,1524
151.07,1512
151.87,1479
152.67,1466
153.48,1457
154.28,1446
155.08,1436
155.89,1430
156.69,1420
157.5,1408
158.3,1404
159.1,1397
159.91,1386
160.71,1377
161.51,1372
162.32,1367
163.12,1362
163.92,1356
164.73,1351
165.53,1344
166.33,1340
167.14,1336
167.94,1332
168.75,1327
169.55,1323
170.35,1322
171.16,1316
171.96,1315
172.76,1314
173.57,1312
174.37,1309
175.17,1307
175.98,1305
176.78,1305
177.58,1305
178.39,1304
179.19,1302
180,1305
180.8,1305
181.6,1303
182.41,1302
183.21,1303
184.01,1305
184.82,1308
185.62,1310
186.42,1312
187.23,1315
188.03,1317
188.83,1317
189.64,1325
190.44,1322
191.25,1329
192.05,1334
192.85,1336
193.66,1342
194.46,1344
195.26,1351
196.07,1356
196.87,1359
197.67,1364
198.48,1371
199.28,1378
200.08,1389
200.89,1393
202.5,1400
203.3,1410
204.1,1419
204.91,1424
205.71,1435
206.51,1446
207.32,1452
208.12,1472
208.92,1478
209.73,1491
210.53,1504
211.33,1516
212.14,1532
212.94,1550
213.75,1563
214.55,1581
215.35,1596
216.16,1612
216.96,1631
217.76,1652
218.57,1672
219.37,1694
220.17,1719
220.98,1757
221.78,1778
222.58,1801
223.39,1824
224.19,1850
225,1875
225.8,1896
226.6,3407
227.41,3181
228.21,3130
229.01,3112
229.82,3051
230.62,3015
231.42,2977
232.23,1963
233.03,2327
233.83,2254
234.64,2292
235.44,2319
236.25,2323
237.05,2332
237.85,2353
238.66,2463
239.46,2580
240.26,2650
241.07,2622
241.87,2605
242.67,2553
243.48,2552
244.28,2545
245.08,2532
245.89,2514
246.69,2519
247.5,2514
248.3,2515
254.73,2636
255.53,2637
256.33,2682
257.14,2672
257.94,2663
258.75,4083
269.19,2652
270,2675
270.8,2705
273.21,2688
276.42,2621
277.23,2631
278.03,2602
278.83,2584
279.64,2589
292.5,1000
293.3,2037
294.1,1700
294.91,2786
304.55,1000
305.35,5104
306.16,3160
306.96,3205
307.76,3280
317.41,4343
318.21,3919
319.01,3940
319.82,3926
323.03,925
323.83,3298
324.64,4486
325.44,4475
326.25,4719
327.05,4196
327.85,4312
328.66,4396
329.46,4568
330.26,4536
331.07,4488
331.87,4460
332.67,4426
333.48,4391
334.28,4353
335.08,4319
335.89,4291
336.69,4265
337.5,4251
338.3,4217
339.1,1069
339.91,4106
340.71,1050
341.51,4128
343.12,4094
343.92,4068
344.73,4058
345.53,4037
346.33,4029
347.14,4008
347.94,4006
348.75,3979
349.55,3969
350.35,3946
351.16,3965
351.96,3948
352.76,3946
353.57,3466
354.37,3466
355.17,3584
355.98,3592
356.78,3919
357.58,3907
358.39,3909
0,3901
0.8,3903
1.6,3905
2.41,3915
3.21,3915
4.01,3907
4.82,3926
5.62,3924
6.42,3917
7.23,3932
8.03,3926
8.83,3952
9.64,3911
10.44,3969
11.25,3969
12.05,3971
12.85,4000
13.66,4012
14.46,4014
15.26,4029
16.07,4039
16.87,4045
17.67,4070
18.48,4096
19.28,4094
20.08,4137
20.89,4150
22.5,4230
23.3,4249
24.1,4281
24.91,4307
25.71,4341
26.51,4376
27.32,4413
28.12,4444
28.92,4473
29.73,4434
30.53,4483
31.33,4588
32.14,4520
32.94,4444
33.75,4324
34.55,4228
35.35,4159
36.16,4058
36.96,3981
37.76,3924
38.57,3845
39.37,3776
40.17,3758
48.21,3182
49.01,3158
49.82,3126
72.32,2510
73.12,2498
73.92,2486
74.73,2481
75.53,2472
76.33,2463
77.14,2447
77.94,2440
78.75,2436
79.55,2430
80.35,2423
81.16,2417
81.96,2409
82.76,2409
83.57,2403
84.37,2398
85.17,2398
85.98,2396
86.78,2391
87.58,2386
88.39,2391
90,2389
90.8,2393
91.6,2386
92.41,2393
93.21,2393
94.01,2396
94.82,2381
97.23,12473
100.44,7713
101.25,7623
102.05,7829
104.46,13560
107.67,10894
110.08,7852
110.89,7782
111.69,7407
112.5,6951
113.3,2650
114.1,2635
114.91,2641
115.71,2665
116.51,2679
117.32,2702
118.12,2675
118.92,2665
119.73,2663
120.53,2634
121.33,2575
122.14,2516
122.94,2459
123.75,2402
124.55,2344
125.35,2303
126.16,2258
126.96,2216
127.76,2167
128.57,2134
129.37,2094
130.17,2061
130.98,2024
131.78,1989
132.58,1960
133.39,1929
135,1899
135.8,1872
136.6,1844
137.41,1819
138.21,1798
139.01,1773
139.82,1749
140.62,1723
141.42,1700
142.23,1679
143.03,1662
143.83,1642
144.64,1623
145.44,1608
146.25,1588
147.05,1572
147.85,1557
148.66,1545
149.46,1526
150.26,1517
151.07,1519
151.87,1474
152.67,1460
153.48,1449
154.28,1440
155.08,1430
155.89,1420
157.5,1416
158.3,1404
159.1,1398
159.91,1386
160.71,1378
161.51,1374
162.32,1371
163.12,1362
163.92,1357
164.73,1348
165.53,1345
166.33,1338
167.14,1337
167.94,1328
168.75,1327
169.55,1320
170.35,1320
171.16,1317
171.96,1315
172.76,1313
173.57,1312
174.37,1309
175.17,1307
175.98,1306
176.78,1306
177.58,1302
178.39,1303
180,1302
180.8,1305
181.6,1304
182.41,1303
183.21,1302
184.01,1304
184.82,1303
185.62,1308
186.42,1307
187.23,1312
188.03,1313
188.83,1318
189.64,1320
190.44,1323
191.25,1328
192.05,1328
192.85,1333
193.66,1337
194.46,1340
195.26,1346
196.07,1352
196.87,1355
197.67,1363
198.48,1368
199.28,1376
200.08,1382
200.89,1387
201.69,1398
202.5,1404
203.3,1415
204.1,1425
204.91,1431
205.71,1441
206.51,1450
207.32,1466
208.12,1477
208.92,1489
209.73,1502
210.53,1513
211.33,1531
212.14,1547
212.94,1562
213.75,1580
214.55,1596
215.35,1612
216.16,1632
216.96,1654
217.76,1675
218.57,1697
219.37,1725
220.17,1761
220.98,1782
221.78,1806
222.58,1830
223.39,1858
225,1883
225.8,1900
226.6,3218
227.41,3164
228.21,3132
229.01,3084
229.82,3041
230.62,2993
231.42,1903
232.23,2254
233.03,2255
233.83,2248
234.64,2307
235.44,2322
236.25,2323
237.05,2346
237.85,2381
238.66,2555
239.46,2625
240.26,2650
241.07,2630
241.87,2556
242.67,2554
243.48,2548
244.28,2537
245.08,2515
245.89,2516
247.5,2511
248.3,2510
254.73,2634
255.53,2637
256.33,2689
257.14,2673
257.94,2667
258.75,4431
267.58,2781
268.39,2646
270,2654
270.8,2678
271.6,2642
276.42,2624
277.23,2623
278.03,2644
278.83,2575
279.64,2583
291.69,978
292.5,2037
293.3,2006
294.1,2787
303.75,1253
304.55,16918
305.35,3159
306.16,3250
316.6,2093
317.41,3905
318.21,3948
319.01,3900
323.03,2510
323.83,4470
324.64,4462
325.44,4605
326.25,4208
327.05,4279
327.85,4368
328.66,4577
329.46,4544
330.26,4491
331.07,4460
331.87,4431
332.67,4391
333.48,4356
334.28,4312
335.08,4288
335.89,4265
337.5,4246
338.3,4217
339.1,1385
339.91,3997
340.71,1055
341.51,4119
343.12,4085
343.92,4062
344.73,4047
345.53,4039
346.33,4020
347.14,4006
347.94,3987
348.75,3979
349.55,3969
350.35,3957
351.16,3955
351.96,3946
352.76,3907
353.57,3463
354.37,3510
355.17,3555
355.98,3915
356.78,3903
357.58,3911
358.39,3903
0,3905
0.83,3901
1.66,3905
2.5,3909
3.33,3911
4.16,3919
5,3913
5.83,3911
6.66,3924
7.5,3930
8.33,4083
9.16,3924
10,3963
10.83,3965
11.66,3969
12.5,4004
13.33,4010
14.16,4010
15,4024
15.83,4039
16.66,4043
17.5,4077
18.33,4100
19.16,4122
20,4143
20.83,4165
22.5,4240
23.33,4256
24.16,4291
25,4324
25.83,4351
26.66,4391
27.5,4421
28.33,4447
29.16,4483
30,4523
30.83,4566
31.66,4585
32.5,4491
33.33,4386
34.16,4270
35,4179
35.83,4100
36.66,4010
37.5,3946
38.33,3869
39.16,3801
40,3745
48.33,3172
49.16,3163
50,3126
71.66,2519
72.5,2500
73.33,2487
74.16,2479
75,2479
75.83,2467
76.66,2449
77.5,2444
78.33,2437
79.16,2432
80,2421
80.83,2421
81.66,2412
82.5,2411
83.33,2398
84.16,2396
85,2398
85.83,2393
86.66,2389
87.5,2389
88.33,2391
89.16,2387
90,2393
90.83,2386
91.66,2393
92.5,2395
93.33,2396
94.16,2383
96.66,12450
100,7698
100.83,7623
102.5,10571
104.16,13508
107.5,14120
109.16,7616
110,7751
110.83,7602
112.5,7346
113.33,2669
114.16,2627
115,2612
115.83,2651
116.66,2671
117.5,2693
118.33,2683
119.16,2664
120,2663
120.83,2661
121.66,2589
122.5,2527
123.33,2468
124.16,2415
125,2363
125.83,2310
126.66,2267
127.5,2219
128.33,2174
129.16,2141
130,2100
130.83,2063
131.66,2031
132.5,1993
133.33,1961
134.16,1930
135,1899
135.83,1872
136.66,1844
137.5,1817
138.33,1796
139.16,1769
140,1744
140.83,1719
141.66,1697
142.5,1677
143.33,1660
144.16,1640
145,1620
145.83,1603
146.66,1585
147.5,1571
148.33,1554
149.16,1540
150,1525
150.83,1514
151.66,1485
152.5,1463
153.33,1458
154.16,1445
155,1436
155.83,1429
156.66,1418
157.5,1408
158.33,1404
159.16,1396
160,1382
160.83,1376
161.66,1368
162.5,1365
163.33,1357
164.16,1352
165,1349
165.83,1340
166.66,1337
167.5,1334
168.33,1327
169.16,1324
170,1318
170.83,1317
171.66,1314
172.5,1313
173.33,1312
174.16,1309
175,1309
175.83,1305
176.66,1305
177.5,1303
178.33,1302
180,1302
180.83,1305
181.66,1305
182.5,1304
183.33,1302
184.16,1304
185,1305
185.83,1307
186.66,1311
187.5,1313
188.33,1314
189.16,1318
190,1320
190.83,1323
191.66,1328
192.5,1332
193.33,1337
194.16,1341
195,1345
195.83,1351
196.66,1354
197.5,1359
198.33,1366
199.16,1372
200,1379
200.83,1389
201.66,1401
202.5,1401
203.33,1412
204.16,1419
205,1426
205.83,1438
206.66,1448
207.5,1458
208.33,1472
209.16,1484
210,1499
210.83,1512
211.66,1527
212.5,1542
213.33,1561
214.16,1575
215,1598
215.83,1610
216.66,1630
217.5,1649
218.33,1673
219.16,1696
220,1724
220.83,1759
221.66,1782
222.5,1806
223.33,1830
224.16,1858
225,1884
225.83,1901
226.66,3213
227.5,3156
228.33,3134
229.16,3070
230,3038
230.83,2985
231.66,1441
232.5,2327
233.33,2269
234.16,2269
235,2319
235.83,2324
236.66,2331
237.5,2351
238.33,2441
239.16,2578
240,2651
240.83,2621
241.66,2582
242.5,2543
243.33,2554
244.16,2549
245,2517
245.83,2513
246.66,2515
247.5,2513
255,2636
255.83,2056
256.66,2674
257.5,2669
258.33,3995
267.5,2796
268.33,2649
270,2652
270.83,2650
271.66,2713
276.66,2628
277.5,2626
278.33,2589
279.16,2579
280,2585
292.5,1282
294.16,2788
295,2776
304.16,1013
305,6253
305.83,3155
306.66,3207
307.5,3282
316.66,2104
317.5,3903
318.33,3953
319.16,3903
322.5,882
323.33,3027
324.16,4465
325,4457
325.83,4634
326.66,4221
327.5,4307
328.33,4442
329.16,4558
330,4525
330.83,4475
331.66,4457
332.5,4411
333.33,4376
334.16,4343
335,4307
335.83,4279
337.5,4249
338.33,4215
339.16,1063
340,4172
341.66,4148
342.5,3909
343.33,4139
344.16,4077
345,4058
345.83,4033
346.66,4026
347.5,4008
348.33,4004
349.16,3973
350,3969
350.83,3957
351.66,3959
352.5,3946
353.33,3948
354.16,3466
355,3490
355.83,3570
356.66,3851
357.5,3907
358.33,3907
359.16,3903
0,3905
0.86,3905
1.73,3905
2.59,3905
3.46,3911
4.32,3915
5.19,3911
6.05,3911
6.92,3924
7.78,3936
8.65,3952
9.51,3917
10.38,3967
11.25,3965
12.11,3977
12.98,3995
13.84,4008
14.71,4010
15.57,4018
16.44,4035
17.3,4056
18.17,4092
19.03,4104
19.9,4137
20.76,4159
21.63,4208
22.5,4205
23.36,4253
24.23,4263
25.09,4295
25.96,4331
26.82,4368
27.69,4401
28.55,4429
29.42,4470
30.28,4381
31.15,4447
32.01,4585
32.88,4520
33.75,4439
34.61,4317
35.48,4221
36.34,4139
37.21,4045
38.07,3967
38.94,3901
39.8,3823
40.67,3751
48.46,3194
49.32,3176
50.19,3126
71.82,2513
72.69,2498
73.55,2489
74.42,2482
75.28,2475
76.15,2467
77.01,2447
77.88,2441
78.75,2436
79.61,2428
80.48,2421
81.34,2416
82.21,2411
83.07,2406
83.94,2402
84.8,2401
85.67,2398
86.53,2391
87.4,2393
88.26,2396
89.13,2391
90,2391
90.86,2385
91.73,2389
92.59,2395
93.46,2393
94.32,2391
95.19,2396
96.92,12567
97.78,12687
100.38,7675
101.25,7623
102.11,7821
104.71,13525
108.17,14093
110.76,7646
111.63,7609
112.5,7353
113.36,2691
114.23,2627
115.09,2612
115.96,2650
116.82,2670
117.69,2694
118.55,2682
119.42,2663
120.28,2664
121.15,2651
122.01,2578
122.88,2521
123.75,2464
124.61,2405
125.48,2349
126.34,2303
127.21,2257
128.07,2214
128.94,2164
129.8,2131
130.67,2092
131.53,2055
132.4,2015
133.26,1983
134.13,1952
135,1920
135,1886
135.86,1859
136.73,1833
137.59,1806
138.46,1781
139.32,1758
140.19,1735
141.05,1707
141.92,1687
142.78,1669
143.65,1649
144.51,1627
145.38,1612
146.25,1593
147.11,1574
147.98,1559
148.84,1546
149.71,1527
150.57,1518
151.44,1518
152.3,1474
153.17,1459
154.03,1449
154.9,1439
155.76,1430
156.63,1419
157.5,1411
158.36,1402
159.23,1397
160.09,1385
160.96,1377
161.82,1370
162.69,1366
163.55,1359
164.42,1355
165.28,1349
166.15,1341
167.01,1337
167.88,1335
168.75,1327
169.61,1326
170.48,1318
171.34,1318
172.21,1314
173.07,1312
173.94,1312
174.8,1308
175.67,1307
176.53,1305
177.4,1306
178.26,1303
179.13,1302
180,1302
180.86,1305
181.73,1305
182.59,1302
183.46,1303
184.32,1305
185.19,1306
186.05,1308
186.92,1311
187.78,1314
188.65,1316
189.51,1317
190.38,1323
191.25,1323
192.11,1328
192.98,1334
193.84,1336
194.71,1342
195.57,1346
196.44,1353
197.3,1356
198.17,1361
199.03,1369
199.9,1376
200.76,1383
201.63,1388
202.5,1400
202.5,1406
203.36,1417
204.23,1428
205.09,1434
205.96,1445
206.82,1453
207.69,1471
208.55,1478
209.42,1494
210.28,1508
211.15,1524
212.01,1535
212.88,1556
213.75,1573
214.61,1590
215.48,1607
216.34,1627
217.21,1645
218.07,1673
218.94,1693
219.8,1725
220.67,1754
221.53,1777
222.4,1803
223.26,1828
224.13,1854
225,1883
225.86,1898
226.73,3223
227.59,3167
228.46,3124
229.32,3071
230.19,3038
231.05,2987
231.92,1465
232.78,2336
233.65,2266
234.51,2275
235.38,2320
236.25,2324
237.11,2332
237.98,2354
238.84,2496
239.71,2597
240.57,2660
241.44,2624
242.3,2554
243.17,2539
244.03,2549
244.9,2536
245.76,2522
246.63,2513
247.5,2514
248.36,2509
255.28,2642
256.15,2632
257.01,2760
257.88,2676
258.75,2446
270,2650
270,2687
270.86,2729
276.05,2621
276.92,2625
277.78,2644
278.65,2576
279.51,2586
292.5,1119
293.36,17936
294.23,2794
304.61,1390
306.34,3161
307.21,3285
316.73,1551
317.59,4008
318.46,3934
319.32,3898
324.51,4483
325.38,4470
326.25,4596
327.11,4188
327.98,4277
328.84,4401
329.71,4568
330.57,4531
331.44,4480
332.3,4454
333.17,4419
334.03,4378
334.9,4346
335.76,4319
336.63,4288
337.5,4246
338.36,4219
339.23,1063
340.09,4174
341.82,4154
342.69,3877
343.55,4113
344.42,4072
345.28,4056
346.15,4041
347.01,4033
347.88,4010
348.75,3993
349.61,3979
350.48,3971
351.34,3961
352.21,3955
353.07,3946
353.94,3894
354.8,3466
355.67,3516
356.53,3557
357.4,3911
358.26,3900
359.13,3911
360,3907
0,3900
0.86,3901
1.73,3911
2.59,3913
3.46,3909
4.32,3919
5.19,3924
6.05,3934
6.92,3932
7.78,3838
9.51,3948
10.38,3959
11.25,3969
12.11,3975
12.98,4020
13.84,4014
14.71,4031
15.57,4037
16.44,4041
17.3,4075
18.17,4102
19.03,4124
19.9,4143
20.76,4176
22.5,4246
23.36,4263
24.23,4293
25.09,4339
25.96,4366
26.82,4398
27.69,4424
28.55,4467
29.42,4376
30.28,4454
31.15,4582
32.01,4515
32.88,4436
33.75,4317
34.61,4212
35.48,4117
36.34,4024
37.21,3963
38.07,3894
38.94,3821
39.8,3740
48.46,3198
49.32,3151
50.19,3122
71.82,2515
72.69,2500
73.55,2489
74.42,2480
75.28,2476
76.15,2468
77.01,2449
77.88,2442
78.75,2436
79.61,2427
80.48,2424
81.34,2415
82.21,2412
83.07,2403
83.94,2400
84.8,2398
85.67,2395
86.53,2390
87.4,2392
88.26,2395
89.13,2389
90,2390
90.86,2386
91.73,2393
92.59,2398
93.46,2394
94.32,2384
96.92,12401
99.51,7821
100.38,7690
101.25,7660
102.98,10595
104.71,13474
107.3,13256
109.9,7836
110.76,7790
111.63,7400
112.5,6938
113.36,2634
114.23,2610
115.09,2642
115.96,2671
116.82,2689
117.69,2685
118.55,2668
119.42,2661
120.28,2663
121.15,2590
122.01,2525
122.88,2467
123.75,2408
124.61,2354
125.48,2306
126.34,2258
127.21,2214
128.07,2165
128.94,2128
129.8,2090
130.67,2053
131.53,2013
132.4,1979
133.26,1950
134.13,1915
135,1881
135.86,1855
136.73,1828
137.59,1801
138.46,1777
139.32,1754
140.19,1728
141.05,1703
141.92,1680
142.78,1661
143.65,1640
144.51,1622
145.38,1605
146.25,1584
147.11,1569
147.98,1555
148.84,1540
149.71,1524
150.57,1510
151.44,1479
152.3,1467
153.17,1454
154.03,1441
154.9,1431
155.76,1422
157.5,1416
158.36,1405
159.23,1400
160.09,1385
160.96,1377
161.82,1372
162.69,1366
163.55,1360
164.42,1355
165.28,1349
166.15,1343
167.01,1337
167.88,1334
168.75,1326
169.61,1326
170.48,1318
171.34,1319
172.21,1314
173.07,1313
173.94,1312
174.8,1308
175.67,1308
176.53,1305
177.4,1306
178.26,1304
179.13,1301
180,1302
180.86,1304
181.73,1304
182.59,1300
183.46,1304
184.32,1304
185.19,1308
186.05,1310
186.92,1311
187.78,1314
188.65,1316
189.51,1318
190.38,1324
191.25,1327
192.11,1329
192.98,1333
193.84,1337
194.71,1341
195.57,1349
196.44,1351
197.3,1358
198.17,1364
199.03,1371
199.9,1377
200.76,1390
201.63,1398
202.5,1401
203.36,1412
204.23,1418
205.09,1428
205.96,1440
206.82,1450
207.69,1466
208.55,1477
209.42,1490
210.28,1504
211.15,1520
212.01,1533
212.88,1553
213.75,1569
214.61,1585
215.48,1605
216.34,1624
217.21,1644
218.07,1669
218.94,1691
219.8,1725
220.67,1754
221.53,1778
222.4,1803
223.26,1828
224.13,1857
225,1883
225.86,1904
226.73,3207
227.59,3149
228.46,3116
229.32,3052
230.19,3035
231.05,2982
231.92,2059
232.78,2321
233.65,2254
234.51,2302
235.38,2319
236.25,2324
237.11,2339
237.98,2374
238.84,2547
239.71,2618
240.57,2653
241.44,2629
242.3,2558
243.17,2554
244.03,2546
244.9,2528
245.76,2508
246.63,2515
247.5,2511
248.36,2511
254.42,2652
255.28,2640
256.15,2680
257.01,2674
257.88,2667
258.75,6593
269.13,2650
270,2688
270.86,2825
276.05,2633
276.92,2626
277.78,2606
278.65,2575
279.51,2590
292.5,1015
293.36,3298
294.23,2792
295.09,2806
304.61,1057
305.48,8422
306.34,3147
307.21,3249
317.59,4037
318.46,3924
319.32,3901
324.51,4473
325.38,4436
326.25,4605
327.11,4212
327.98,4312
328.84,4426
329.71,4558
330.57,4517
331.44,4467
332.3,4452
333.17,4401
334.03,4366
334.9,4339
335.76,4298
336.63,4270
337.5,4249
338.36,4217
339.23,1068
340.09,4068
340.96,1055
341.82,4119
343.55,4085
344.42,4060
345.28,4049
346.15,4031
347.01,4012
347.88,4004
348.75,3977
349.61,3973
350.48,3950
351.34,3961
352.21,3942
353.07,3944
353.94,3467
354.8,3498
355.67,3565
356.53,3890
357.4,3900
358.26,3905
359.13,3905
0,3909
0.9,3903
1.8,3907
2.7,3913
3.6,3909
4.5,3926
5.4,3924
6.3,3928
7.2,3930
8.1,3838
9.9,3948
10.8,3953
11.7,3975
12.6,3983
13.5,4020
14.4,4012
15.3,4020
16.2,4039
17.1,4047
18,4092
18.9,4104
19.8,4128
20.7,4159
21.6,4376
22.5,4224
23.4,4258
24.3,4272
25.2,4295
26.1,4334
27,4368
27.9,4408
28.8,4449
29.7,4486
30.6,4520
31.5,4566
32.4,4585
33.3,4491
34.2,4371
35.1,4263
36,4163
36.9,4085
37.8,3999
38.7,3938
39.6,3841
40.5,3773
48.6,3114
49.5,3167
50.4,3127
72,2514
72.9,2500
73.8,2487
74.7,2481
75.6,2472
76.5,2461
77.4,2448
78.3,2440
79.2,2435
80.1,2426
81,2426
81.9,2413
82.8,2412
83.7,2398
84.6,2396
85.5,2396
86.4,2393
87.3,2388
88.2,2385
89.1,2391
90,2388
90.9,2388
91.8,2387
92.7,2395
93.6,2393
94.5,2392
95.4,2393
97.2,12544
98.1,12663
100.8,7698
101.7,7623
102.6,7844
105.3,13474
110.7,7797
111.6,7782
112.5,7427
112.5,6963
113.4,2639
114.3,2604
115.2,2641
116.1,2669
117,2688
117.9,2687
118.8,2667
119.7,2661
120.6,2663
121.5,2588
122.4,2524
123.3,2464
124.2,2405
125.1,2346
126,2300
126.9,2250
127.8,2208
128.7,2157
129.6,2122
130.5,2082
131.4,2046
132.3,2008
133.2,1969
134.1,1940
135,1905
135.9,1876
136.8,1847
137.7,1819
138.6,1797
139.5,1767
140.4,1744
141.3,1717
142.2,1693
143.1,1673
144,1654
144.9,1632
145.8,1615
146.7,1597
147.6,1575
148.5,1560
149.4,1546
150.3,1527
151.2,1518
152.1,1518
153,1471
153.9,1459
154.8,1447
155.7,1437
156.6,1429
157.5,1418
157.5,1407
158.4,1403
159.3,1393
160.2,1381
161.1,1376
162,1371
162.9,1364
163.8,1355
164.7,1350
165.6,1345
166.5,1337
167.4,1334
168.3,1329
169.2,1326
170.1,1320
171,1320
171.9,1316
172.8,1313
173.7,1311
174.6,1309
175.5,1307
176.4,1305
177.3,1307
178.2,1304
179.1,1301
180,1302
180.9,1305
181.8,1304
182.7,1301
183.6,1304
184.5,1303
185.4,1308
186.3,1309
187.2,1310
188.1,1315
189,1317
189.9,1318
190.8,1322
191.7,1329
192.6,1332
193.5,1336
194.4,1341
195.3,1345
196.2,1351
197.1,1355
198,1356
198.9,1371
199.8,1375
200.7,1382
201.6,1387
202.5,1398
203.4,1407
204.3,1418
205.2,1423
206.1,1435
207,1447
207.9,1455
208.8,1471
209.7,1483
210.6,1499
211.5,1513
212.4,1529
213.3,1546
214.2,1562
215.1,1580
216,1596
216.9,1617
217.8,1637
218.7,1660
219.6,1686
220.5,1713
221.4,1746
222.3,1769
223.2,1797
224.1,1825
225,1850
225,1880
225.9,1900
226.8,3218
227.7,3164
228.6,3119
229.5,3066
230.4,3035
231.3,2983
232.2,1939
233.1,2319
234,2254
234.9,2302
235.8,2319
236.7,2323
237.6,2341
238.5,2377
239.4,2551
240.3,2629
241.2,2635
242.1,2623
243,2553
243.9,2552
244.8,2545
245.7,2524
246.6,2513
247.5,2513
247.5,2514
254.7,2637
255.6,2633
256.5,2775
257.4,2677
258.3,2305
268.2,2741
269.1,2663
270,2642
270.9,2660
276.3,2707
277.2,2627
278.1,2645
279,2575
279.9,2586
292.5,1003
293.4,3194
294.3,2790
295.2,2805
305.1,1233
306,29914
306.9,3161
307.8,3285
316.8,2100
317.7,3901
318.6,3952
319.5,3903
324,7934
324.9,4457
325.8,4536
326.7,4172
327.6,4251
328.5,4373
329.4,4582
330.3,4547
331.2,4494
332.1,4457
333,4424
333.9,4383
334.8,4348
335.7,4302
336.6,4281
337.5,4249
338.4,4221
339.3,1065
340.2,4154
341.1,1050
342,4130
343.8,4085
344.7,4064
345.6,4045
346.5,4035
347.4,4014
348.3,4004
349.2,3987
350.1,3979
351,3952
351.9,3965
352.8,3948
353.7,3942
354.6,3469
355.5,3498
356.4,3565
357.3,3894
358.2,3903
359.1,3909
360,3905
0,3905
0.9,3903
1.8,3907
2.7,3911
3.6,3911
4.5,3921
5.4,3924
6.3,3928
7.2,3926
8.1,3830
9,3843
9.9,3953
10.8,3957
11.7,3975
12.6,3995
13.5,4006
14.4,4014
15.3,4022
16.2,4041
17.1,4085
18,4089
18.9,4115
19.8,4135
20.7,4146
22.5,4237
23.4,4251
24.3,4288
25.2,4326
26.1,4348
27,4393
27.9,4421
28.8,4457
29.7,4363
30.6,4416
31.5,4577
32.4,4525
33.3,4436
34.2,4309
35.1,4208
36,4106
36.9,4020
37.8,3955
38.7,3871
39.6,3800
40.5,3754
48.6,3169
49.5,3178
50.4,3129
72,2511
72.9,2498
73.8,2488
74.7,2481
75.6,2467
76.5,2453
77.4,2446
78.3,2440
79.2,2432
80.1,2421
81,2420
81.9,2411
82.8,2412
83.7,2402
84.6,2398
85.5,2399
86.4,2392
87.3,2393
88.2,2396
89.1,2388
90,2388
90.9,2384
91.8,2393
92.7,2397
93.6,2393
94.5,2384
97.2,12497
99.9,7706
100.8,7675
101.7,7736
103.5,11018
104.4,13491
108,14093
109.8,7844
110.7,7736
111.6,7602
112.5,4172
113.4,2646
114.3,2690
115.2,2641
116.1,2667
117,2679
117.9,2693
118.8,2671
119.7,2663
120.6,2668
121.5,2594
122.4,2525
123.3,2467
124.2,2408
125.1,2352
126,2305
126.9,2250
127.8,2208
128.7,2159
129.6,2120
130.5,2079
131.4,2046
132.3,2005
133.2,1968
134.1,1937
135,1905
135.9,1874
136.8,1845
137.7,1816
138.6,1791
139.5,1764
140.4,1740
141.3,1713
142.2,1691
143.1,1670
144,1650
144.9,1627
145.8,1611
146.7,1590
147.6,1571
148.5,1555
149.4,1542
150.3,1524
151.2,1513
152.1,1484
153,1464
153.9,1457
154.8,1441
155.7,1432
156.6,1422
157.5,1417
158.4,1403
159.3,1399
160.2,1387
161.1,1378
162,1372
162.9,1365
163.8,1358
164.7,1355
165.6,1348
166.5,1340
167.4,1337
168.3,1328
169.2,1327
170.1,1322
171,1321
171.9,1316
172.8,1315
173.7,1314
174.6,1309
175.5,1309
176.4,1306
177.3,1305
178.2,1305
179.1,1303
180,1302
180.9,1305
181.8,1305
182.7,1302
183.6,1304
184.5,1304
185.4,1307
186.3,1309
187.2,1311
188.1,1315
189,1316
189.9,1319
190.8,1323
191.7,1327
192.6,1330
193.5,1334
194.4,1340
195.3,1346
196.2,1351
197.1,1354
198,1357
198.9,1369
199.8,1374
200.7,1383
201.6,1390
202.5,1399
203.4,1406
204.3,1417
205.2,1423
206.1,1435
207,1448
207.9,1458
208.8,1472
209.7,1486
210.6,1500
211.5,1513
212.4,1531
213.3,1549
214.2,1564
215.1,1582
216,1599
216.9,1620
217.8,1640
218.7,1665
219.6,1690
220.5,1719
221.4,1754
222.3,1778
223.2,1805
224.1,1828
225,1859
225,1887
225.9,1904
226.8,3192
227.7,3150
228.6,3114
229.5,3060
230.4,3022
231.3,2974
232.2,2161
233.1,2256
234,2248
234.9,2314
235.8,2325
236.7,2329
237.6,2353
238.5,2464
239.4,2588
240.3,2663
241.2,2627
242.1,2549
243,2544
243.9,2548
244.8,2534
245.7,2524
246.6,2515
247.5,2511
248.4,2534
254.7,2663
255.6,2637
256.5,2693
257.4,2680
258.3,2615
268.2,2766
269.1,2643
270,2648
270.9,2649
271.8,2763
276.3,2706
277.2,2625
278.1,2645
279,2576
279.9,2588
292.5,1079
293.4,6024
294.3,2796
295.2,2823
305.1,1983
306.9,3185
307.8,3278
317.7,4582
318.6,3921
319.5,3921
324,2565
324.9,4473
325.8,4460
326.7,4366
327.6,4226
328.5,4339
329.4,4523
330.3,4552
331.2,4515
332.1,4460
333,4442
333.9,4401
334.8,4353
335.7,4312
336.6,4291
337.5,4260
337.5,4233
338.4,1128
339.3,4181
341.1,4154
342,3873
342.9,4102
343.8,4066
344.7,4049
345.6,4041
346.5,4022
347.4,4006
348.3,3979
349.2,3979
350.1,3959
351,3963
351.9,3948
352.8,3946
353.7,3470
354.6,3483
355.5,3571
356.4,3875
357.3,3905
358.2,3909
359.1,3905
0,3905
0.9,3903
1.8,3905
2.7,3911
3.6,3911
4.5,3915
5.4,3922
6.3,3930
7.2,3924
8.1,4058
9,3924
9.9,3961
10.8,3959
11.7,3985
12.6,3983
13.5,4004
14.4,4016
15.3,4035
16.2,4035
17.1,4072
18,4083
18.9,4100
19.8,4137
20.7,4165
22.5,4240
23.4,4260
24.3,4298
25.2,4341
26.1,4366
27,4398
27.9,4434
28.8,4475
29.7,4507
30.6,4549
31.5,4590
32.4,4494
33.3,4378
34.2,4272
35.1,4163
36,4087
36.9,3993
37.8,3932
38.7,3834
39.6,3756
48.6,3190
49.5,3147
50.4,3121
72,2513
72.9,2498
73.8,2488
74.7,2481
75.6,2471
76.5,2460
77.4,2446
78.3,2440
79.2,2433
80.1,2420
81,2422
81.9,2412
82.8,2413
83.7,2401
84.6,2398
85.5,2398
86.4,2393
87.3,2393
88.2,2395
89.1,2388
90,2388
90.9,2386
91.8,2392
92.7,2396
93.6,2394
94.5,2384
96.3,12103
97.2,12497
99.9,7690
100.8,7660
101.7,7790
103.5,10643
104.4,13491
109.8,7790
110.7,7759
111.6,4181
112.5,4203
113.4,2640
114.3,2610
115.2,2645
116.1,2672
117,2690
117.9,2679
118.8,2664
119.7,2663
120.6,2639
121.5,2576
122.4,2505
123.3,2435
124.2,2386
125.1,2329
126,2276
126.9,2226
127.8,2183
128.7,2142
129.6,2097
130.5,2061
131.4,2020
132.3,1984
133.2,1953
134.1,1919
135,1884
135.9,1856
136.8,1828
137.7,1800
138.6,1774
139.5,1751
140.4,1723
141.3,1698
142.2,1678
143.1,1657
144,1635
144.9,1616
145.8,1599
146.7,1576
147.6,1560
148.5,1546
149.4,1527
150.3,1515
151.2,1505
152.1,1466
153,1459
153.9,1445
154.8,1433
155.7,1425
157.5,1418
158.4,1405
159.3,1400
160.2,1384
161.1,1374
162,1373
162.9,1364
163.8,1359
164.7,1353
165.6,1347
166.5,1340
167.4,1337
168.3,1329
169.2,1326
170.1,1322
171,1320
171.9,1316
172.8,1314
173.7,1313
174.6,1308
175.5,1308
176.4,1305
177.3,1305
178.2,1303
179.1,1302
180,1302
180.9,1306
181.8,1305
182.7,1300
183.6,1304
184.5,1304
185.4,1308
186.3,1309
187.2,1310
188.1,1315
189,1317
189.9,1318
190.8,1323
191.7,1327
192.6,1332
193.5,1334
194.4,1341
195.3,1345
196.2,1352
197.1,1355
198,1361
198.9,1369
199.8,1377
200.7,1385
201.6,1392
202.5,1400
203.4,1410
204.3,1419
205.2,1427
206.1,1440
207,1451
207.9,1469
208.8,1478
209.7,1492
210.6,1506
211.5,1526
212.4,1538
213.3,1557
214.2,1575
215.1,1598
216,1611
216.9,1632
217.8,1656
218.7,1679
219.6,1705
220.5,1741
221.4,1767
222.3,1794
223.2,1822
224.1,1849
225,1879
225.9,1900
226.8,3225
227.7,3156
228.6,3117
229.5,3065
230.4,3033
231.3,2980
232.2,2053
233.1,2263
234,2244
234.9,2306
235.8,2322
236.7,2327
237.6,2350
238.5,2415
239.4,2578
240.3,2656
241.2,2624
242.1,2554
243,2538
243.9,2553
244.8,2537
245.7,2518
246.6,2518
247.5,2511
248.4,2538
254.7,2650
255.6,2633
256.5,2716
257.4,2676
258.3,2427
268.2,2672
269.1,2682
270,2668
270.9,2696
276.3,2628
277.2,2629
278.1,2629
279,2582
279.9,2588
292.5,1862
293.4,2993
294.3,2796
304.2,1323
306,3169
306.9,3285
317.7,4098
318.6,3917
319.5,3921
324,2591
324.9,4486
325.8,4460
326.7,4307
327.6,4226
328.5,4339
329.4,4566
330.3,4560
331.2,4509
332.1,4462
333,4434
333.9,4388
334.8,4353
335.7,4305
336.6,4286
337.5,4251
338.4,4221
339.3,1064
340.2,4157
341.1,1051
342,4128
343.8,4083
344.7,4062
345.6,4049
346.5,4029
347.4,4010
348.3,4004
349.2,3979
350.1,3971
351,3959
351.9,3957
352.8,3950
353.7,3922
354.6,3467
355.5,3532
356.4,3560
357.3,3917
358.2,3909
359.1,3911
0,3903
0.9,3907
1.8,3901
2.7,3907
3.6,3907
4.5,3924
5.4,3924
6.3,3921
7.2,3930
8.1,3836
9,3921
9.9,3946
10.8,3957
11.7,3973
12.6,3987
13.5,4016
14.4,4010
15.3,4020
16.2,4037
17.1,4083
18,4096
18.9,4104
19.8,4132
20.7,4148
22.5,4233
23.4,4249
24.3,4284
25.2,4329
26.1,4358
27,4393
27.9,4426
28.8,4473
29.7,4447
30.6,4539
31.5,4588
32.4,4491
33.3,4388
34.2,4270
35.1,4163
36,4083
36.9,3985
37.8,3926
38.7,3830
39.6,3747
47.7,3099
48.6,3182
49.5,3141
72.9,2502
73.8,2489
74.7,2480
75.6,2475
76.5,2467
77.4,2449
78.3,2442
79.2,2435
80.1,2427
81,2425
81.9,2415
82.8,2412
83.7,2398
84.6,2396
85.5,2396
86.4,2394
87.3,2391
88.2,2388
89.1,2392
90,2392
90.9,2388
91.8,2393
92.7,2395
93.6,2394
94.5,2384
97.2,12473
99.9,7690
100.8,7660
101.7,7759
103.5,11018
104.4,13457
109.8,7790
110.7,4217
111.6,4194
112.5,4224
113.4,2635
114.3,2621
115.2,2653
116.1,2672
117,2696
117.9,2677
118.8,2662
119.7,2664
120.6,2625
121.5,2564
122.4,2482
123.3,2421
124.2,2367
125.1,2311
126,2265
126.9,2199
127.8,2168
128.7,2128
129.6,2087
130.5,2051
131.4,2008
132.3,1972
133.2,1941
135,1905
135.9,1873
136.8,1845
137.7,1816
138.6,1789
139.5,1762
140.4,1737
141.3,1709
142.2,1685
143.1,1666
144,1645
144.9,1624
145.8,1605
146.7,1584
147.6,1569
148.5,1552
149.4,1537
150.3,1522
151.2,1508
152.1,1474
153,1460
153.9,1449
154.8,1437
155.7,1429
156.6,1419
157.5,1407
158.4,1404
159.3,1393
160.2,1379
161.1,1375
162,1370
162.9,1360
163.8,1356
164.7,1348
165.6,1343
166.5,1338
167.4,1333
168.3,1326
169.2,1323
170.1,1321
171,1317
171.9,1315
172.8,1314
173.7,1310
174.6,1308
175.5,1304
176.4,1305
177.3,1304
178.2,1302
180,1302
180.9,1304
181.8,1304
182.7,1300
183.6,1302
184.5,1302
185.4,1308
186.3,1308
187.2,1310
188.1,1316
189,1316
189.9,1320
190.8,1323
191.7,1327
192.6,1333
193.5,1334
194.4,1341
195.3,1346
196.2,1353
197.1,1358
198,1361
198.9,1370
199.8,1378
200.7,1390
201.6,1395
202.5,1402
203.4,1415
204.3,1422
205.2,1432
206.1,1446
207,1455
207.9,1470
208.8,1481
209.7,1498
210.6,1513
211.5,1530
212.4,1548
213.3,1564
214.2,1583
215.1,1600
216,1622
216.9,1644
217.8,1670
218.7,1691
219.6,1725
220.5,1760
221.4,1787
222.3,1811
223.2,1835
224.1,1865
225,1891
226.8,3168
227.7,3149
228.6,3077
229.5,3048
230.4,2995
231.3,1595
232.2,2360
233.1,2257
234,2298
234.9,2320
235.8,2325
236.7,2343
237.6,2384
238.5,2559
239.4,2642
240.3,2624
241.2,2579
242.1,2539
243,2550
243.9,2542
244.8,2514
245.7,2515
247.5,2509
248.4,2523
254.7,2653
255.6,2635
256.5,2717
257.4,2676
258.3,2422
268.2,2555
269.1,2653
270,2687
276.3,2620
277.2,2629
278.1,2588
279,2585
292.5,1091
293.4,8183
294.3,2806
295.2,2826
304.2,942
305.1,4393
306,3140
306.9,3226
307.8,3196
316.8,2467
317.7,3898
318.6,3930
319.5,3953
324,4491
324.9,4460
325.8,4599
326.7,4226
327.6,4346
328.5,4515
329.4,4552
330.3,4507
331.2,4460
332.1,4436
333,4393
333.9,4353
334.8,4309
335.7,4279
337.5,4251
338.4,4221
339.3,1065
340.2,4152
341.1,1051
342,4122
343.8,4081
344.7,4062
345.6,4045
346.5,4029
347.4,4008
348.3,4002
349.2,3981
350.1,3969
351,3961
351.9,3953
352.8,3948
353.7,3690
354.6,3490
355.5,3581
356.4,3607
357.3,3915
358.2,3909
359.1,3903
0,3905
0.93,3903
1.87,3905
2.81,3913
3.75,3909
4.68,3922
5.62,3924
6.56,3932
7.5,3924
8.43,4221
9.37,3930
10.31,3961
11.25,3967
12.18,3983
13.12,3993
14.06,4008
15,4020
15.93,4041
16.87,4039
17.81,4081
18.75,4102
19.68,4126
20.62,4154
21.56,4228
22.5,4215
23.43,4258
24.37,4274
25.31,4314
26.25,4346
27.18,4388
28.12,4413
29.06,4465
30,4373
30.93,4421
31.87,4571
32.81,4520
33.75,4434
34.68,4307
35.62,4196
36.56,4104
37.5,4020
38.43,3948
39.37,3845
40.31,3774
47.81,2674
48.75,3188
49.68,3144
50.62,3114
72.18,2511
73.12,2501
74.06,2489
75,2480
75.93,2473
76.87,2462
77.81,2450
78.75,2442
79.68,2433
80.62,2426
81.56,2423
82.5,2412
83.43,2413
84.37,2401
85.31,2398
86.25,2398
87.18,2393
88.12,2393
89.06,2395
90,2387
90.93,2387
91.87,2393
92.81,2393
93.75,2399
94.68,2393
96.56,12520
97.5,12735
100.31,7698
101.25,7638
103.12,11018
104.06,13440
107.81,14120
109.68,8033
110.62,4233
111.56,4230
112.5,4246
113.43,2646
114.37,2665
115.31,2642
116.25,2671
117.18,2688
118.12,2681
119.06,2666
120,2664
120.93,2642
121.87,2577
122.81,2504
123.75,2433
124.68,2382
125.62,2322
126.56,2274
127.5,2220
128.43,2172
129.37,2133
130.31,2092
131.25,2055
132.18,2012
133.12,1975
134.06,1945
135,1908
135.93,1876
136.87,1846
137.81,1816
138.75,1791
139.68,1763
140.62,1738
141.56,1709
142.5,1685
143.43,1664
144.37,1645
145.31,1623
146.25,1605
147.18,1584
148.12,1567
149.06,1551
150,1534
150.93,1522
151.87,1513
152.81,1474
153.75,1460
154.68,1448
155.62,1436
156.56,1428
157.5,1418
158.43,1404
159.37,1401
160.31,1387
161.25,1377
162.18,1372
163.12,1364
164.06,1358
165,1353
165.93,1347
166.87,1340
167.81,1337
168.75,1330
169.68,1326
170.62,1323
171.56,1320
172.5,1316
173.43,1313
174.37,1311
175.31,1309
176.25,1309
177.18,1306
178.12,1307
179.06,1306
180,1303
180.93,1305
181.87,1302
182.81,1303
183.75,1305
184.68,1305
185.62,1305
186.56,1309
187.5,1315
188.43,1315
189.37,1318
190.31,1322
191.25,1328
192.18,1330
193.12,1334
194.06,1340
195,1346
195.93,1350
196.87,1356
197.81,1362
198.75,1371
199.68,1378
200.62,1388
201.56,1393
202.5,1401
203.43,1412
204.37,1419
205.31,1432
206.25,1443
207.18,1453
208.12,1472
209.06,1478
210,1496
210.93,1510
211.87,1526
212.81,1544
213.75,1561
214.68,1581
215.62,1597
216.56,1619
217.5,1640
218.43,1665
219.37,1690
220.31,1724
221.25,1757
222.18,1783
223.12,1808
224.06,1834
225,1890
226.87,3170
227.81,3140
228.75,3084
229.68,3051
230.62,2990
231.56,1875
232.5,2338
233.43,2255
234.37,2304
235.31,2320
236.25,2325
237.18,2346
238.12,2397
239.06,2572
240,2653
240.93,2623
241.87,2553
242.81,2541
243.75,2549
244.68,2537
245.62,2515
246.56,2510
247.5,2509
248.43,2526
255,2639
255.93,2634
256.87,2687
257.81,2674
258.75,3595
268.12,2693
269.06,2650
270,2647
270.93,2641
276.56,2610
277.5,2627
278.43,2635
279.37,2576
280.31,2596
292.5,976
293.43,3077
294.37,2781
295.31,2818
304.68,889
305.62,3285
306.56,3150
307.5,3217
308.43,3228
316.87,2516
317.81,3915
318.75,3930
319.68,3950
324.37,4491
325.31,4462
326.25,4267
327.18,4233
328.12,4336
329.06,4601
330,4560
330.93,4499
331.87,4462
332.81,4426
333.75,4378
334.68,4348
335.62,4295
336.56,4267
337.5,4244
338.43,4217
339.37,1068
340.31,4016
341.25,1056
342.18,4083
343.12,4208
344.06,4083
345,4060
345.93,4037
346.87,4029
347.81,4006
348.75,3981
349.68,3977
350.62,3957
351.56,3959
352.5,3942
353.43,3942
354.37,3467
355.31,3504
356.25,3555
357.18,3911
358.12,3898
359.06,3913
0,3905
0.93,3907
1.87,3903
2.81,3907
3.75,3909
4.68,3921
5.62,3919
6.56,3919
7.5,3928
8.43,3836
10.31,3948
11.25,3959
12.18,3969
13.12,3987
14.06,4008
15,4020
15.93,4031
16.87,4037
17.81,4075
18.75,4087
19.68,4102
20.62,4143
21.56,4165
22.5,4251
23.43,4265
24.37,4293
25.31,4341
26.25,4373
27.18,4413
28.12,4460
29.06,4444
30,4460
30.93,4566
31.87,4531
32.81,4442
33.75,4312
34.68,4208
35.62,4109
36.56,4018
37.5,3948
38.43,3851
39.37,3778
47.81,2851
48.75,3182
49.68,3139
72.18,2510
73.12,2496
74.06,2487
75,2480
75.93,2467
76.87,2450
77.81,2443
78.75,2438
79.68,2428
80.62,2420
81.56,2418
82.5,2411
83.43,2401
84.37,2398
85.31,2394
86.25,2393
87.18,2390
88.12,2388
89.06,2390
90,2394
90.93,2388
91.87,2393
92.81,2396
93.75,2396
94.68,2382
97.5,12473
100.31,7660
101.25,7660
102.18,7844
104.06,10643
105,13440
109.68,4321
110.62,4251
111.56,4244
112.5,4281
113.43,2658
114.37,2710
115.31,2640
116.25,2663
117.18,2679
118.12,2687
119.06,2671
120,2663
120.93,2661
121.87,2582
122.81,2514
123.75,2450
124.68,2390
125.62,2333
126.56,2277
127.5,2225
128.43,2180
129.37,2137
130.31,2094
131.25,2057
132.18,2015
133.12,1979
134.06,1947
135,1909
135.93,1876
136.87,1847
137.81,1816
138.75,1791
139.68,1763
140.62,1737
141.56,1708
142.5,1685
143.43,1664
144.37,1643
145.31,1622
146.25,1603
147.18,1583
148.12,1566
149.06,1550
150,1531
150.93,1520
151.87,1520
152.81,1471
153.75,1459
154.68,1445
155.62,1434
156.56,1424
157.5,1418
158.43,1404
159.37,1397
160.31,1385
161.25,1377
162.18,1370
163.12,1364
164.06,1356
165,1350
165.93,1347
166.87,1339
167.81,1334
168.75,1330
169.68,1326
170.62,1320
171.56,1319
172.5,1315
173.43,1313
174.37,1314
175.31,1307
176.25,1307
177.18,1307
178.12,1306
179.06,1304
180,1301
180.93,1304
181.87,1305
182.81,1302
183.75,1304
184.68,1303
185.62,1308
186.56,1308
187.5,1311
188.43,1316
189.37,1317
190.31,1320
191.25,1323
192.18,1328
193.12,1334
194.06,1335
195,1340
195.93,1349
196.87,1353
197.81,1359
198.75,1369
199.68,1372
200.62,1384
201.56,1390
202.5,1398
203.43,1408
204.37,1418
205.31,1424
206.25,1439
207.18,1449
208.12,1462
209.06,1476
210,1491
210.93,1506
211.87,1524
212.81,1537
213.75,1557
214.68,1576
215.62,1598
216.56,1612
217.5,1635
218.43,1658
219.37,1685
220.31,1715
221.25,1749
222.18,1775
223.12,1804
224.06,1830
225,1888
225.93,1905
226.87,3182
227.81,3130
228.75,3095
229.68,3047
230.62,2990
231.56,1676
232.5,2346
233.43,2257
234.37,2298
235.31,2319
236.25,2324
237.18,2345
238.12,2391
239.06,2569
240,2649
240.93,2626
241.87,2555
242.81,2541
243.75,2549
244.68,2533
245.62,2515
246.56,2509
247.5,2511
248.43,2506
255,2633
255.93,2635
256.87,2679
257.81,2671
258.75,4039
268.12,2730
269.06,2648
270,2669
270.93,2690
276.56,2626
277.5,2629
278.43,2651
279.37,2583
292.5,1036
293.43,16885
294.37,2806
304.68,1433
306.56,3178
307.5,3282
316.87,2231
317.81,4637
318.75,3928
319.68,3924
324.37,4509
325.31,4515
326.25,4590
327.18,4203
328.12,4307
329.06,4421
330,4549
330.93,4509
331.87,4462
332.81,4429
333.75,4388
334.68,4356
335.62,4312
336.56,4279
337.5,4249
338.43,4221
339.37,1065
340.31,4113
341.25,1055
342.18,4111
343.12,4366
344.06,4085
345,4062
345.93,4035
346.87,4033
347.81,4008
348.75,3985
349.68,3977
350.62,3961
351.56,3957
352.5,3946
353.43,3942
354.37,3469
355.31,3501
356.25,3555
357.18,3911
358.12,3898
359.06,3913
0,3903
0.93,3905
1.87,3903
2.81,3901
3.75,3907
4.68,3922
5.62,3921
6.56,3924
7.5,3928
8.43,3843
10.31,3952
11.25,3957
12.18,3975
13.12,3989
14.06,4006
15,4018
15.93,4035
16.87,4037
17.81,4083
18.75,4092
19.68,4128
20.62,4152
21.56,4176
22.5,4190
23.43,4256
24.37,4272
25.31,4312
26.25,4346
27.18,4388
28.12,4413
29.06,4465
30,4381
30.93,4442
31.87,4574
32.81,4501
33.75,4408
34.68,4291
35.62,4168
36.56,4087
37.5,3991
38.43,3924
39.37,3827
40.31,3744
48.75,3407
49.68,3169
50.62,3125
72.18,2510
73.12,2499
74.06,2488
75,2481
75.93,2473
76.87,2460
77.81,2446
78.75,2441
79.68,2433
80.62,2420
81.56,2421
82.5,2410
83.43,2410
84.37,2401
85.31,2397
86.25,2395
87.18,2391
88.12,2391
89.06,2391
90,2388
90.93,2388
91.87,2390
92.81,2398
93.75,2394
94.68,2389
95.62,2424
97.5,12497
100.31,7706
101.25,7668
102.18,7844
104.06,11018
105,13423
109.68,4324
110.62,4295
111.56,4307
112.5,4353
113.43,2676
114.37,2644
115.31,2641
116.25,2663
117.18,2679
118.12,2687
119.06,2671
120,2663
120.93,2656
121.87,2580
122.81,2511
123.75,2438
124.68,2382
125.62,2325
126.56,2272
127.5,2218
128.43,2175
129.37,2130
130.31,2090
131.25,2051
132.18,2008
133.12,1974
134.06,1939
135,1905
135.93,1874
136.87,1845
137.81,1812
138.75,1784
139.68,1759
140.62,1732
141.56,1704
142.5,1681
143.43,1659
144.37,1637
145.31,1617
146.25,1599
147.18,1577
148.12,1560
149.06,1545
150,1526
150.93,1512
151.87,1490
152.81,1465
153.75,1453
154.68,1441
155.62,1431
156.56,1418
157.5,1413
158.43,1402
159.37,1396
160.31,1382
161.25,1374
162.18,1370
163.12,1363
164.06,1356
165,1349
165.93,1342
166.87,1337
167.81,1332
168.75,1326
169.68,1323
170.62,1322
171.56,1316
172.5,1315
173.43,1313
174.37,1308
175.31,1308
176.25,1306
177.18,1307
178.12,1305
179.06,1301
180,1303
180.93,1305
181.87,1302
182.81,1303
183.75,1305
184.68,1305
185.62,1308
186.56,1310
187.5,1315
188.43,1316
189.37,1318
190.31,1321
191.25,1328
192.18,1333
193.12,1335
194.06,1343
195,1347
195.93,1352
196.87,1357
197.81,1361
198.75,1371
199.68,1379
200.62,1390
201.56,1397
202.5,1404
203.43,1416
204.37,1422
205.31,1435
206.25,1448
207.18,1458
208.12,1474
209.06,1488
210,1503
210.93,1519
211.87,1533
212.81,1554
213.75,1573
214.68,1593
215.62,1610
216.56,1631
217.5,1658
218.43,1681
219.37,1708
220.31,1746
221.25,1771
222.18,1801
223.12,1827
224.06,1858
225,1887
225.93,1904
226.87,3182
227.81,3135
228.75,3096
229.68,3047
230.62,2986
231.56,1709
232.5,2371
233.43,2256
234.37,2301
235.31,2320
236.25,2326
237.18,2348
238.12,2397
239.06,2575
240,2653
240.93,2627
241.87,2547
242.81,2544
243.75,2551
244.68,2530
245.62,2519
246.56,2511
247.5,2512
255,2641
255.93,2385
256.87,2679
257.81,2663
268.12,2617
269.06,2663
270,2683
270.93,2719
271.87,2859
276.56,2625
277.5,2637
278.43,2570
279.37,2592
292.5,2193
293.43,1936
294.37,2808
303.75,938
304.68,4478
305.62,3151
306.56,3256
317.81,4918
318.75,3919
319.68,3930
323.43,930
324.37,2511
325.31,4483
326.25,4563
327.18,4196
328.12,4265
329.06,4401
330,4555
330.93,4528
331.87,4473
332.81,4447
333.75,4398
334.68,4353
335.62,4319
336.56,4286
337.5,4253
338.43,4233
339.37,1064
340.31,4168
341.25,1053
342.18,4117
344.06,4083
345,4062
345.93,4037
346.87,4031
347.81,4008
348.75,3989
349.68,3983
350.62,3967
351.56,3957
352.5,3946
353.43,3942
354.37,3472
355.31,3490
356.25,3565
357.18,3909
358.12,3896
359.06,3915
0,3905
0.93,3907
1.87,3905
2.81,3901
3.75,3909
4.68,3922
5.62,3921
6.56,3922
7.5,3924
8.43,3841
10.31,3952
11.25,3953
12.18,3979
13.12,3983
14.06,4010
15,4020
15.93,4039
16.87,4039
17.81,4083
18.75,4098
19.68,4124
20.62,4159
22.5,4208
23.43,4253
24.37,4288
25.31,4314
26.25,4351
27.18,4393
28.12,4421
29.06,4470
30,4419
30.93,4523
31.87,4582
32.81,4491
33.75,4363
34.68,4253
35.62,4152
36.56,4056
37.5,3975
38.43,3903
39.37,3812
40.31,3747
48.75,3190
49.68,3147
50.62,3126
72.18,2511
73.12,2497
74.06,2486
75,2479
75.93,2468
76.87,2450
77.81,2444
78.75,2438
79.68,2427
80.62,2422
81.56,2413
82.5,2411
83.43,2398
84.37,2397
85.31,2396
86.25,2393
87.18,2391
88.12,2393
89.06,2388
90,2390
90.93,2388
91.87,2393
92.81,2393
93.75,2397
94.68,2391
96.56,12473
99.37,7616
100.31,7683
101.25,7706
104.06,12808
108.75,4336
109.68,4321
110.62,4366
111.56,4386
112.5,4388
113.43,2565
114.37,2635
115.31,2652
116.25,2676
117.18,2698
118.12,2673
119.06,2659
120,2668
120.93,2592
121.87,2521
122.81,2458
123.75,2396
124.68,2338
125.62,2279
126.56,2229
127.5,2186
128.43,2141
129.37,2094
130.31,2057
131.25,2016
132.18,1980
133.12,1945
135,1909
135.93,1877
136.87,1847
137.81,1815
138.75,1789
139.68,1759
140.62,1735
141.56,1706
142.5,1683
143.43,1660
144.37,1639
145.31,1619
146.25,1600
147.18,1577
148.12,1561
149.06,1545
150,1528
150.93,1513
151.87,1493
152.81,1464
153.75,1455
154.68,1441
155.62,1430
156.56,1418
157.5,1412
158.43,1402
159.37,1395
160.31,1382
161.25,1374
162.18,1369
163.12,1362
164.06,1356
165,1349
165.93,1342
166.87,1337
167.81,1331
168.75,1327
169.68,1323
170.62,1321
171.56,1316
172.5,1314
173.43,1312
174.37,1310
175.31,1308
176.25,1305
177.18,1307
178.12,1305
179.06,1301
180,1305
180.93,1305
181.87,1303
182.81,1304
183.75,1305
184.68,1307
185.62,1310
186.56,1311
187.5,1317
188.43,1317
189.37,1319
190.31,1324
191.25,1327
192.18,1334
193.12,1335
194.06,1341
195,1347
195.93,1353
196.87,1358
197.81,1365
198.75,1372
199.68,1384
200.62,1390
202.5,1399
203.43,1408
204.37,1418
205.31,1425
206.25,1440
207.18,1450
208.12,1466
209.06,1478
210,1493
210.93,1508
211.87,1526
212.81,1541
213.75,1561
214.68,1581
215.62,1596
216.56,1618
217.5,1640
218.43,1666
219.37,1691
220.31,1725
221.25,1761
222.18,1787
223.12,1814
224.06,1839
225,1868
225.93,1896
226.87,3221
227.81,3156
228.75,3132
229.68,3063
230.62,3041
231.56,2982
232.5,2118
233.43,2255
234.37,2249
235.31,2317
236.25,2324
237.18,2332
238.12,2361
239.06,2540
240,2617
240.93,2649
241.87,2622
242.81,2549
243.75,2552
244.68,2538
245.62,2525
246.56,2516
247.5,2510
248.43,2520
255,2640
255.93,2634
256.87,2692
257.81,2671
258.75,3654
268.12,2754
269.06,2634
270,2667
270.93,2691
276.56,2621
277.5,2632
278.43,2592
279.37,2587
292.5,1780
293.43,1722
294.37,2808
303.75,945
304.68,5181
305.62,3154
306.56,3256
317.81,5020
318.75,3917
319.68,3936
324.37,6046
325.31,4494
326.25,4536
327.18,4212
328.12,4312
329.06,4444
330,4549
330.93,4523
331.87,4467
332.81,4431
333.75,4386
334.68,4351
335.62,4309
336.56,4272
337.5,4249
338.43,4221
339.37,1069
340.31,4060
341.25,1056
342.18,4079
343.12,4185
344.06,4085
345,4053
345.93,4039
346.87,4029
347.81,4008
348.75,3983
349.68,3973
350.62,3955
351.56,3952
352.5,3946
353.43,3952
354.37,3472
355.31,3541
356.25,3573
357.18,3913
358.12,3911
359.06,3900
0,3907
0.93,3905
1.87,3903
2.81,3911
3.75,3911
4.68,3919
5.62,3915
6.56,3924
7.5,3940
9.37,3942
10.31,3953
11.25,3971
12.18,3979
13.12,4012
14.06,4014
15,4022
15.93,4039
16.87,4083
17.81,4085
18.75,4104
19.68,4141
20.62,4163
22.5,4251
23.43,4270
24.37,4302
25.31,4343
26.25,4388
27.18,4411
28.12,4462
29.06,4371
30,4426
30.93,4577
31.87,4509
32.81,4408
33.75,4288
34.68,4168
35.62,4079
36.56,3985
37.5,3913
38.43,3823
39.37,3742
48.75,3185
49.68,3151
50.62,3129
72.18,2509
73.12,2491
74.06,2482
75,2477
75.93,2469
76.87,2450
77.81,2441
78.75,2435
79.68,2427
80.62,2427
81.56,2412
82.5,2412
83.43,2401
84.37,2398
85.31,2398
86.25,2392
87.18,2392
88.12,2393
90,2385
90.93,2390
91.87,2388
92.81,2396
93.75,2394
94.68,2390
95.62,2430
97.5,12473
100.31,7683
101.25,7653
102.18,7829
104.06,11054
105,13440
107.81,14259
108.75,4373
109.68,4378
110.62,4383
111.56,4408
112.5,4434
113.43,2665
114.37,2613
115.31,2650
116.25,2671
117.18,2689
118.12,2676
119.06,2663
120,2667
120.93,2619
121.87,2550
122.81,2478
123.75,2412
124.68,2355
125.62,2305
126.56,2247
127.5,2199
128.43,2154
129.37,2103
130.31,2064
131.25,2024
132.18,1986
133.12,1953
134.06,1917
135,1881
135.93,1852
136.87,1822
137.81,1796
138.75,1763
139.68,1740
140.62,1709
141.56,1687
142.5,1663
143.43,1643
144.37,1621
145.31,1601
146.25,1580
147.18,1564
148.12,1546
149.06,1529
150,1514
150.93,1495
151.87,1463
152.81,1455
153.75,1441
154.68,1430
155.62,1419
157.5,1412
158.43,1402
159.37,1394
160.31,1382
161.25,1373
162.18,1369
163.12,1360
164.06,1354
165,1347
165.93,1341
166.87,1338
167.81,1329
168.75,1325
169.68,1322
170.62,1320
171.56,1316
172.5,1314
173.43,1312
174.37,1307
175.31,1306
176.25,1307
177.18,1307
178.12,1304
180,1300
180.93,1304
181.87,1305
182.81,1301
183.75,1303
184.68,1302
185.62,1307
186.56,1307
187.5,1312
188.43,1315
189.37,1317
190.31,1323
191.25,1323
192.18,1328
193.12,1332
194.06,1338
195,1345
195.93,1348
196.87,1354
197.81,1357
198.75,1370
199.68,1377
200.62,1389
201.56,1395
202.5,1401
203.43,1414
204.37,1421
205.31,1432
206.25,1447
207.18,1456
208.12,1473
209.06,1487
210,1502
210.93,1516
211.87,1532
212.81,1552
213.75,1572
214.68,1593
215.62,1610
216.56,1633
217.5,1659
218.43,1681
219.37,1711
220.31,1749
221.25,1776
222.18,1805
223.12,1831
224.06,1862
225,1887
226.87,3174
227.81,3126
228.75,3088
229.68,3052
230.62,2975
231.56,2145
232.5,2263
233.43,2246
234.37,2307
235.31,2325
236.25,2331
237.18,2354
238.12,2527
239.06,2609
240,2662
240.93,2623
241.87,2555
242.81,2549
243.75,2543
244.68,2520
245.62,2511
247.5,2509
248.43,2523
255,2637
255.93,2632
256.87,2685
257.81,2670
258.75,4018
268.12,2570
269.06,2657
270,2682
270.93,2591
275.62,2827
276.56,2625
277.5,2645
278.43,2576
279.37,2593
292.5,1097
293.43,11662
294.37,2808
304.68,1801
306.56,3179
307.5,3278
316.87,5592
317.81,3919
318.75,3924
323.43,2847
324.37,4467
325.31,4558
326.25,4179
327.18,4272
328.12,4411
329.06,4552
330,4528
330.93,4473
331.87,4444
332.81,4391
333.75,4363
334.68,4321
335.62,4277
337.5,4253
338.43,4224
339.37,1066
340.31,4117
341.25,1056
342.18,4094
343.12,4235
344.06,4087
345,4047
345.93,4043
346.87,4029
347.81,4008
348.75,3983
349.68,3973
350.62,3955
351.56,3950
352.5,3946
353.43,3942
354.37,3477
355.31,3554
356.25,3607
357.18,3915
358.12,3907
359.06,3901
0,3909
0.97,3903
1.95,3903
2.93,3909
3.91,3913
4.89,3913
5.86,3909
6.84,3921
7.82,3915
8.8,3830
9.78,3944
10.76,3957
11.73,3975
12.71,3991
13.69,4008
14.67,4018
15.65,4035
16.63,4033
17.6,4081
18.58,4096
19.56,4126
20.54,4154
22.5,4205
23.47,4253
24.45,4279
25.43,4324
26.41,4356
27.39,4393
28.36,4429
29.34,4470
30.32,4501
31.3,4555
32.28,4590
33.26,4473
34.23,4339
35.21,4235
36.19,4130
37.17,4024
38.15,3961
39.13,3862
40.1,3787
41.08,3829
47.93,3075
48.91,3178
49.89,3134
72.39,2512
73.36,2499
74.34,2486
75.32,2479
76.3,2470
77.28,2448
78.26,2444
79.23,2436
80.21,2427
81.19,2425
82.17,2414
83.15,2411
84.13,2398
85.1,2397
86.08,2398
87.06,2391
88.04,2393
89.02,2394
90,2391
90.97,2388
91.95,2396
92.93,2394
93.91,2391
94.89,2421
96.84,12497
99.78,7690
100.76,7668
101.73,7836
104.67,13423
108.58,4403
109.56,4411
110.54,4424
111.52,4454
112.5,4523
113.47,2636
114.45,2611
115.43,2650
116.41,2672
117.39,2693
118.36,2676
119.34,2661
120.32,2663
121.3,2606
122.28,2528
123.26,2467
124.23,2401
125.21,2345
126.19,2288
127.17,2233
128.15,2187
129.13,2143
130.1,2095
131.08,2057
132.06,2014
133.04,1977
134.02,1943
135,1907
135.97,1875
136.95,1844
137.93,1811
138.91,1784
139.89,1758
140.86,1730
141.84,1701
142.82,1678
143.8,1657
144.78,1633
145.76,1614
146.73,1593
147.71,1572
148.69,1557
149.67,1540
150.65,1524
151.63,1512
152.6,1473
153.58,1461
154.56,1450
155.54,1438
156.52,1428
157.5,1419
158.47,1406
159.45,1398
160.43,1386
161.41,1378
162.39,1371
163.36,1363
164.34,1354
165.32,1348
166.3,1346
167.28,1337
168.26,1334
169.23,1327
170.21,1326
171.19,1321
172.17,1316
173.15,1314
174.13,1314
175.1,1309
176.08,1309
177.06,1306
178.04,1308
179.02,1305
180,1303
180.97,1304
181.95,1303
182.93,1304
183.91,1304
184.89,1307
185.86,1308
186.84,1310
187.82,1316
188.8,1317
189.78,1320
190.76,1323
191.73,1328
192.71,1333
193.69,1336
194.67,1341
195.65,1349
196.63,1353
197.6,1358
198.58,1371
199.56,1376
200.54,1386
201.52,1393
202.5,1400
203.47,1413
204.45,1419
205.43,1430
206.41,1444
207.39,1455
208.36,1471
209.34,1484
210.32,1501
211.3,1514
212.28,1532
213.26,1553
214.23,1572
215.21,1593
216.19,1611
217.17,1632
218.15,1657
219.13,1682
220.1,1713
221.08,1749
222.06,1776
223.04,1806
224.02,1833
225,1889
226.95,3173
227.93,3129
228.91,3082
229.89,3051
230.86,2977
231.84,2112
232.82,2254
233.8,2247
234.78,2315
235.76,2324
236.73,2332
237.71,2360
238.69,2540
239.67,2620
240.65,2641
241.63,2606
242.6,2544
243.58,2554
244.56,2540
245.54,2512
246.52,2510
247.5,2509
248.47,2519
255.32,2639
256.3,2575
257.28,2675
258.26,2668
269.02,2762
270,2648
270.97,2647
271.95,2794
276.84,2626
277.82,2630
278.8,2650
279.78,2583
292.5,1792
293.47,1838
294.45,2810
304.23,1032
305.21,16625
306.19,3160
307.17,3278
316.95,2381
317.93,3898
318.91,3940
319.89,3938
323.8,2735
324.78,4475
325.76,4396
326.73,4190
327.71,4260
328.69,4371
329.67,4579
330.65,4528
331.63,4480
332.6,4449
333.58,4406
334.56,4361
335.54,4339
336.52,4281
337.5,4258
338.47,4233
339.45,1064
340.43,4139
341.41,1054
342.39,4113
343.36,4343
344.34,4079
345.32,4056
346.3,4045
347.28,4029
348.26,4006
349.23,3981
350.21,3975
351.19,3957
352.17,3957
353.15,3944
354.13,3957
355.1,3469
356.08,3541
357.06,3578
358.04,3915
359.02,3911
0,3911
0.97,3903
1.95,3903
2.93,3913
3.91,3917
4.89,3919
5.86,3909
6.84,3924
7.82,3879
8.8,3830
9.78,3944
10.76,3953
11.73,3977
12.71,3987
13.69,4008
14.67,4016
15.65,4037
16.63,4037
17.6,4083
18.58,4098
19.56,4137
20.54,4161
22.5,4199
23.47,4251
24.45,4277
25.43,4326
26.41,4358
27.39,4396
28.36,4444
29.34,4478
30.32,4523
31.3,4563
32.28,4566
33.26,4449
34.23,4329
35.21,4217
36.19,4109
37.17,4022
38.15,3944
39.13,3841
40.1,3762
48.91,3182
49.89,3163
50.86,3122
72.39,2502
73.36,2488
74.34,2479
75.32,2475
76.3,2464
77.28,2447
78.26,2441
79.23,2433
80.21,2421
81.19,2416
82.17,2409
83.15,2403
84.13,2400
85.1,2395
86.08,2393
87.06,2388
88.04,2388
89.02,2391
90,2391
90.97,2384
91.95,2391
92.93,2395
93.91,2396
94.89,2384
96.84,12591
99.78,7421
100.76,7698
101.73,7713
104.67,10947
108.58,4494
109.56,4439
110.54,4449
111.52,4515
112.5,4555
113.47,2648
114.45,2684
115.43,2639
116.41,2671
117.39,2687
118.36,2680
119.34,2663
120.32,2665
121.3,2626
122.28,2557
123.26,2479
124.23,2414
125.21,2357
126.19,2306
127.17,2247
128.15,2199
129.13,2152
130.1,2103
131.08,2063
132.06,2021
133.04,1982
134.02,1950
135,1913
135.97,1880
136.95,1848
137.93,1816
138.91,1789
139.89,1759
140.86,1735
141.84,1705
142.82,1681
143.8,1658
144.78,1635
145.76,1616
146.73,1597
147.71,1574
148.69,1559
149.67,1545
150.65,1525
151.63,1511
152.6,1476
153.58,1467
154.56,1450
155.54,1436
156.52,1428
157.5,1419
158.47,1403
159.45,1399
160.43,1386
161.41,1380
162.39,1372
163.36,1362
164.34,1356
165.32,1349
166.3,1344
167.28,1339
168.26,1334
169.23,1327
170.21,1327
171.19,1321
172.17,1316
173.15,1314
174.13,1314
175.1,1309
176.08,1309
177.06,1305
178.04,1307
179.02,1307
180,1304
180.97,1304
181.95,1302
182.93,1304
183.91,1303
184.89,1305
185.86,1307
186.84,1309
187.82,1316
188.8,1317
189.78,1323
190.76,1323
191.73,1329
192.71,1333
193.69,1337
194.67,1344
195.65,1348
196.63,1353
197.6,1360
198.58,1371
199.56,1376
200.54,1389
201.52,1396
202.5,1402
203.47,1415
204.45,1421
205.43,1434
206.41,1448
207.39,1458
208.36,1474
209.34,1489
210.32,1504
211.3,1522
212.28,1535
213.26,1556
214.23,1575
215.21,1596
216.19,1616
217.17,1638
218.15,1663
219.13,1690
220.1,1725
221.08,1760
222.06,1787
223.04,1816
224.02,1841
225,1872
225.97,1897
226.95,3223
227.93,3151
228.91,3124
229.89,3073
230.86,3025
231.84,2974
232.82,2263
233.8,2265
234.78,2283
235.76,2320
236.73,2324
237.71,2343
238.69,2388
239.67,2568
240.65,2652
241.63,2626
242.6,2549
243.58,2550
244.56,2549
245.54,2529
246.52,2514
247.5,2508
254.34,2635
255.32,2633
256.3,2701
257.28,2675
258.26,2900
268.04,2696
269.02,2672
270,2673
270.97,2826
275.86,2813
276.84,2623
277.82,2643
278.8,2578
279.78,2588
292.5,972
293.47,7581
294.45,2791
304.23,910
305.21,3886
306.19,3153
307.17,3250
317.93,3881
318.91,3932
319.89,3905
323.8,2779
324.78,4467
325.76,4366
326.73,4224
327.71,4240
328.69,4363
329.67,4590
330.65,4539
331.63,4491
332.6,4454
333.58,4411
334.56,4363
335.54,4348
336.52,4281
337.5,4265
338.47,4233
339.45,1063
340.43,4159
341.41,1055
342.39,4117
343.36,4381
344.34,4077
345.32,4058
346.3,4037
347.28,4026
348.26,4006
349.23,3979
350.21,3971
351.19,3961
352.17,3957
353.15,3950
354.13,3953
355.1,3461
356.08,3541
357.06,3595
358.04,3915
359.02,3911
0,3909
0.97,3901
1.95,3909
2.93,3911
3.91,3919
4.89,3921
5.86,3911
6.84,3928
7.82,3862
8.8,3715
9.78,3942
10.76,3950
11.73,3981
12.71,3983
13.69,4012
14.67,4016
15.65,4037
16.63,4041
17.6,4081
18.58,4098
19.56,4150
20.54,4161
22.5,4226
23.47,4251
24.45,4286
25.43,4339
26.41,4363
27.39,4403
28.36,4452
29.34,4480
30.32,4475
31.3,4568
32.28,4536
33.26,4434
34.23,4307
35.21,4181
36.19,4098
37.17,3999
38.15,3926
39.13,3827
40.1,3742
48.91,3199
49.89,3147
50.86,3112
72.39,2515
73.36,2499
74.34,2487
75.32,2479
76.3,2466
77.28,2449
78.26,2443
79.23,2438
80.21,2428
81.19,2424
82.17,2413
83.15,2412
84.13,2398
85.1,2397
86.08,2397
87.06,2392
88.04,2393
89.02,2395
90,2390
90.97,2392
91.95,2386
92.93,2394
93.91,2393
94.89,2388
95.86,2456
97.82,12497
100.76,7668
101.73,7631
108.58,4539
109.56,4507
110.54,4520
111.52,4544
112.5,4672
113.47,2629
114.45,2629
115.43,2657
116.41,2677
117.39,2693
118.36,2672
119.34,2661
120.32,2661
121.3,2580
122.28,2511
123.26,2434
124.23,2379
125.21,2315
126.19,2267
127.17,2216
128.15,2166
129.13,2119
130.1,2076
131.08,2038
132.06,1995
133.04,1958
134.02,1924
135,1887
135.97,1856
136.95,1825
137.93,1798
138.91,1764
139.89,1743
140.86,1712
141.84,1689
142.82,1663
143.8,1643
144.78,1621
145.76,1601
146.73,1580
147.71,1563
148.69,1544
149.67,1528
150.65,1511
151.63,1489
152.6,1464
153.58,1452
154.56,1439
155.54,1431
156.52,1420
157.5,1408
158.47,1401
159.45,1388
160.43,1379
161.41,1372
162.39,1364
163.36,1356
164.34,1350
165.32,1343
166.3,1341
167.28,1333
168.26,1329
169.23,1326
170.21,1323
171.19,1317
172.17,1314
173.15,1314
174.13,1310
175.1,1307
176.08,1305
177.06,1306
178.04,1307
179.02,1301
180,1304
180.97,1305
181.95,1302
182.93,1304
183.91,1304
184.89,1304
185.86,1308
186.84,1310
187.82,1316
188.8,1317
189.78,1323
190.76,1323
191.73,1329
192.71,1333
193.69,1336
194.67,1344
195.65,1347
196.63,1353
197.6,1360
198.58,1372
199.56,1377
200.54,1390
201.52,1396
202.5,1403
203.47,1415
204.45,1421
205.43,1436
206.41,1449
207.39,1461
208.36,1477
209.34,1490
210.32,1506
211.3,1525
212.28,1538
213.26,1560
214.23,1578
215.21,1596
216.19,1618
217.17,1641
218.15,1669
219.13,1691
220.1,1721
221.08,1763
222.06,1791
223.04,1820
224.02,1847
225,1880
225.97,1901
226.95,3198
227.93,3140
228.91,3114
229.89,3054
230.86,2997
231.84,1783
232.82,2335
233.8,2257
234.78,2303
235.76,2321
236.73,2325
237.71,2348
238.69,2446
239.67,2594
240.65,2671
241.63,2627
242.6,2556
243.58,2551
244.56,2544
245.54,2519
246.52,2511
247.5,2508
248.47,2518
255.32,2633
256.3,2633
257.28,2678
258.26,2666
259.23,4605
269.02,2764
270,2647
270.97,2653
276.84,2623
277.82,2630
278.8,2662
279.78,2583
292.5,993
293.47,3635
294.45,2798
295.43,2807
305.21,1835
306.19,54372
307.17,3183
308.15,3277
317.93,4426
318.91,3919
319.89,3930
324.78,4499
325.76,4473
326.73,4552
327.71,4237
328.69,4326
329.67,4552
330.65,4544
331.63,4496
332.6,4462
333.58,4413
334.56,4371
335.54,4348
336.52,4286
337.5,4240
338.47,1092
339.45,4170
340.43,1051
341.41,4119
343.36,4075
344.34,4062
345.32,4033
346.3,4029
347.28,4006
348.26,3981
349.23,3975
350.21,3961
351.19,3957
352.17,3948
353.15,3955
354.13,3464
355.1,3541
356.08,3592
357.06,3915
358.04,3911
359.02,3901
0,3909
0.97,3901
1.95,3907
2.93,3911
3.91,3919
4.89,3922
5.86,3917
6.84,3936
7.82,3867
9.78,3944
10.76,3952
11.73,3983
12.71,3999
13.69,4018
14.67,4022
15.65,4039
16.63,4047
17.6,4077
18.58,4113
19.56,4148
20.54,4157
22.5,4235
23.47,4258
24.45,4293
25.43,4331
26.41,4373
27.39,4406
28.36,4457
29.34,4378
30.32,4424
31.3,4582
32.28,4501
33.26,4391
34.23,4267
35.21,4154
36.19,4068
37.17,3977
38.15,3888
39.13,3816
40.1,3756
47.93,3067
48.91,3179
49.89,3134
72.39,2503
73.36,2487
74.34,2479
75.32,2475
76.3,2464
77.28,2448
78.26,2440
79.23,2432
80.21,2421
81.19,2417
82.17,2410
83.15,2404
84.13,2399
85.1,2396
86.08,2393
87.06,2391
88.04,2390
89.02,2390
90,2391
90.97,2387
91.95,2393
92.93,2395
93.91,2396
94.89,2394
96.84,12473
99.78,7721
100.76,7660
101.73,7805
104.67,11109
107.6,4613
108.58,4541
109.56,4555
110.54,4596
111.52,4632
112.5,4713
113.47,2635
114.45,2617
115.43,2651
116.41,2673
117.39,2700
118.36,2672
119.34,2663
120.32,2663
121.3,2584
122.28,2515
123.26,2442
124.23,2384
125.21,2321
126.19,2269
127.17,2218
128.15,2167
129.13,2121
130.1,2077
131.08,2039
132.06,1995
133.04,1959
134.02,1923
135,1887
135.97,1856
136.95,1823
137.93,1797
138.91,1764
139.89,1742
140.86,1710
141.84,1687
142.82,1662
143.8,1640
144.78,1620
145.76,1600
146.73,1578
147.71,1561
148.69,1544
149.67,1527
150.65,1512
151.63,1483
152.6,1467
153.58,1450
154.56,1436
155.54,1430
157.5,1419
158.47,1406
159.45,1400
160.43,1388
161.41,1380
162.39,1369
163.36,1364
164.34,1358
165.32,1351
166.3,1346
167.28,1340
168.26,1333
169.23,1328
170.21,1327
171.19,1320
172.17,1315
173.15,1314
174.13,1311
175.1,1310
176.08,1307
177.06,1305
178.04,1307
179.02,1304
180,1301
180.97,1302
181.95,1302
182.93,1303
183.91,1305
184.89,1304
185.86,1305
186.84,1308
187.82,1314
188.8,1313
189.78,1317
190.76,1321
191.73,1326
192.71,1332
193.69,1332
194.67,1341
195.65,1348
196.63,1352
197.6,1360
198.58,1366
199.56,1373
200.54,1385
201.52,1390
202.5,1401
203.47,1407
204.45,1416
205.43,1428
206.41,1443
207.39,1453
208.36,1472
209.34,1481
210.32,1498
211.3,1513
212.28,1531
213.26,1550
214.23,1569
215.21,1590
216.19,1609
217.17,1631
218.15,1660
219.13,1681
220.1,1710
221.08,1751
222.06,1778
223.04,1807
224.02,1834
225,1865
225.97,1893
226.95,3218
227.93,3161
228.91,3120
229.89,3075
230.86,3025
231.84,2970
232.82,2245
233.8,2262
234.78,2275
235.76,2319
236.73,2325
237.71,2341
238.69,2386
239.67,2569
240.65,2653
241.63,2628
242.6,2549
243.58,2551
244.56,2546
245.54,2529
246.52,2516
247.5,2512
248.47,2515
255.32,2642
256.3,2634
257.28,2687
258.26,2670
259.23,3997
270,2648
270.97,2657
271.95,2762
276.84,2623
277.82,2631
278.8,2662
279.78,2585
292.5,1036
293.47,5191
294.45,2803
304.23,834
305.21,2301
306.19,3132
307.17,3212
308.15,3236
317.93,4122
318.91,3915
319.89,3921
323.8,2781
324.78,4470
325.76,4376
326.73,4183
327.71,4251
328.69,4376
329.67,4574
330.65,4531
331.63,4483
332.6,4452
333.58,4398
334.56,4356
335.54,4329
336.52,4279
337.5,4253
338.47,4219
339.45,1066
340.43,4094
341.41,1057
342.39,4058
343.36,4124
344.34,4070
345.32,4043
346.3,4031
347.28,4012
348.26,3997
349.23,3973
350.21,3967
351.19,3957
352.17,3946
353.15,3936
354.13,3480
355.1,3458
356.08,3570
357.06,3901
358.04,3905
359.02,3915
0,3905
0.97,3911
1.95,3907
2.93,3905
3.91,3922
4.89,3913
5.86,3915
6.84,3928
7.82,3934
8.8,3909
9.78,3936
10.76,3955
11.73,3971
12.71,3983
13.69,4012
14.67,4018
15.65,4035
16.63,4031
17.6,4083
18.58,4085
19.56,4126
20.54,4161
22.5,4176
23.47,4251
24.45,4279
25.43,4319
26.41,4358
27.39,4401
28.36,4454
29.34,4473
30.32,4486
31.3,4571
32.28,4539
33.26,4431
34.23,4307
35.21,4183
36.19,4098
37.17,3999
38.15,3917
39.13,3825
40.1,3740
47.93,2793
48.91,3185
49.89,3140
72.39,2502
73.36,2490
74.34,2479
75.32,2475
76.3,2466
77.28,2448
78.26,2440
79.23,2430
80.21,2420
81.19,2417
82.17,2411
83.15,2403
84.13,2398
85.1,2396
86.08,2394
87.06,2391
88.04,2395
89.02,2388
90,2390
90.97,2386
91.95,2393
92.93,2392
93.91,2391
94.89,2409
96.84,12450
99.78,7690
100.76,7631
101.73,7852
104.67,11462
107.6,4634
108.58,4577
109.56,4599
110.54,4648
111.52,4667
113.47,2632
114.45,2632
115.43,2663
116.41,2680
117.39,2688
118.36,2666
119.34,2663
120.32,2637
121.3,2571
122.28,2494
123.26,2420
124.23,2365
125.21,2307
126.19,2250
127.17,2202
128.15,2149
129.13,2107
130.1,2062
131.08,2019
132.06,1981
133.04,1947
135,1909
135.97,1874
136.95,1844
137.93,1811
138.91,1781
139.89,1756
140.86,1728
141.84,1698
142.82,1676
143.8,1653
144.78,1628
145.76,1612
146.73,1587
147.71,1568
148.69,1553
149.67,1534
150.65,1520
151.63,1519
152.6,1468
153.58,1458
154.56,1442
155.54,1431
156.52,1419
157.5,1414
158.47,1403
159.45,1392
160.43,1382
161.41,1374
162.39,1368
163.36,1357
164.34,1352
165.32,1344
166.3,1341
167.28,1336
168.26,1329
169.23,1326
170.21,1322
171.19,1319
172.17,1314
173.15,1313
174.13,1312
175.1,1308
176.08,1305
177.06,1307
178.04,1307
179.02,1302
180,1303
180.97,1305
181.95,1303
182.93,1305
183.91,1305
184.89,1304
185.86,1309
186.84,1312
187.82,1315
188.8,1318
189.78,1323
190.76,1325
191.73,1328
192.71,1333
193.69,1337
194.67,1345
195.65,1350
196.63,1357
197.6,1362
198.58,1372
199.56,1382
200.54,1389
202.5,1400
203.47,1405
204.45,1415
205.43,1426
206.41,1441
207.39,1451
208.36,1469
209.34,1480
210.32,1496
211.3,1511
212.28,1530
213.26,1549
214.23,1567
215.21,1588
216.19,1608
217.17,1630
218.15,1661
219.13,1679
220.1,1708
221.08,1749
222.06,1778
223.04,1808
224.02,1834
225,1864
225.97,1893
226.95,3217
227.93,3158
228.91,3124
229.89,3076
230.86,3019
231.84,2977
232.82,2258
233.8,2263
234.78,2283
235.76,2319
236.73,2325
237.71,2344
238.69,2395
239.67,2576
240.65,2658
241.63,2629
242.6,2553
243.58,2550
244.56,2545
245.54,2527
246.52,2515
247.5,2509
248.47,2510
255.32,2632
256.3,2591
257.28,2675
258.26,2666
269.02,2642
270,2651
270.97,2678
276.84,2624
277.82,2633
278.8,2576
279.78,2582
292.5,1131
293.47,5533
294.45,2792
304.23,1140
305.21,40210
306.19,3170
307.17,3285
316.95,5369
317.93,3919
318.91,3934
323.8,5518
324.78,4496
325.76,4528
326.73,4221
327.71,4339
328.69,4555
329.67,4544
330.65,4496
331.63,4462
332.6,4413
333.58,4368
334.56,4346
335.54,4286
336.52,4267
337.5,4233
338.47,1062
339.45,4165
340.43,1055
341.41,4117
342.39,4324
343.36,4075
344.34,4053
345.32,4037
346.3,4022
347.28,4008
348.26,3975
349.23,3973
350.21,3957
351.19,3946
352.17,3936
353.15,3699
354.13,3477
355.1,3581
356.08,3841
357.06,3911
358.04,3909
0,3911
0.97,3915
1.95,3911
2.93,3907
3.91,3917
4.89,3915
5.86,3913
6.84,3932
7.82,3919
8.8,3985
9.78,3934
10.76,3944
11.73,3969
12.71,3983
13.69,4016
14.67,4024
15.65,4035
16.63,4039
17.6,4077
18.58,4083
19.56,4126
20.54,4154
22.5,4161
23.47,4251
24.45,4284
25.43,4319
26.41,4356
27.39,4401
28.36,4444
29.34,4470
30.32,4491
31.3,4568
32.28,4544
33.26,4434
34.23,4307
35.21,4190
36.19,4098
37.17,3997
38.15,3913
39.13,3825
40.1,3740
47.93,2795
48.91,3179
49.89,3136
72.39,2498
73.36,2489
74.34,2482
75.32,2473
76.3,2456
77.28,2446
78.26,2437
79.23,2431
80.21,2424
81.19,2415
82.17,2409
83.15,2398
84.13,2398
85.1,2398
86.08,2391
87.06,2391
88.04,2393
90,2387
90.97,2390
91.95,2386
92.93,2395
93.91,2396
94.89,2380
96.84,12103
97.82,12473
100.76,7690
101.73,7646
104.67,11018
105.65,11478
107.6,4716
108.58,4632
109.56,4629
110.54,4651
111.52,4705
112.5,4775
113.47,2654
114.45,2629
115.43,2642
116.41,2667
117.39,2692
118.36,2679
119.34,2665
120.32,2662
121.3,2612
122.28,2538
123.26,2466
124.23,2400
125.21,2337
126.19,2279
127.17,2226
128.15,2175
129.13,2135
130.1,2088
131.08,2048
132.06,2005
133.04,1964
134.02,1928
135,1891
135.97,1860
136.95,1828
137.93,1801
138.91,1769
139.89,1743
140.86,1713
141.84,1687
142.82,1665
143.8,1642
144.78,1620
145.76,1600
146.73,1578
147.71,1560
148.69,1544
149.67,1526
150.65,1510
151.63,1476
152.6,1466
153.58,1449
154.56,1438
155.54,1430
157.5,1419
158.47,1404
159.45,1399
160.43,1385
161.41,1376
162.39,1372
163.36,1364
164.34,1356
165.32,1350
166.3,1343
167.28,1339
168.26,1331
169.23,1327
170.21,1324
171.19,1320
172.17,1316
173.15,1313
174.13,1312
175.1,1307
176.08,1307
177.06,1307
178.04,1306
179.02,1302
180,1302
180.97,1302
181.95,1302
182.93,1303
183.91,1307
184.89,1308
185.86,1308
186.84,1310
187.82,1315
188.8,1317
189.78,1320
190.76,1324
191.73,1328
192.71,1333
193.69,1334
194.67,1342
195.65,1348
196.63,1352
197.6,1361
198.58,1372
199.56,1379
200.54,1389
201.52,1396
202.5,1405
203.47,1418
204.45,1425
205.43,1436
206.41,1447
207.39,1462
208.36,1477
209.34,1489
210.32,1508
211.3,1528
212.28,1542
213.26,1564
214.23,1581
215.21,1603
216.19,1625
217.17,1650
218.15,1673
219.13,1702
220.1,1743
221.08,1770
222.06,1799
223.04,1826
224.02,1857
225,1886
225.97,1970
226.95,3160
227.93,3130
228.91,3073
229.89,3039
230.86,2984
231.84,2085
232.82,2256
233.8,2260
234.78,2317
235.76,2325
236.73,2334
237.71,2376
238.69,2560
239.67,2643
240.65,2625
241.63,2552
242.6,2549
243.58,2547
244.56,2530
245.54,2515
246.52,2508
247.5,2512
254.34,2639
255.32,2630
256.3,2680
257.28,2665
258.26,4132
268.04,2662
270,2643
270.97,2656
276.84,2624
277.82,2629
278.8,2583
279.78,2585
292.5,1026
293.47,7751
294.45,2783
304.23,1114
305.21,29505
306.19,3168
307.17,3285
316.95,5279
317.93,3922
318.91,3936
323.8,4694
324.78,4475
325.76,4531
326.73,4233
327.71,4341
328.69,4552
329.67,4539
330.65,4494
331.63,4460
332.6,4413
333.58,4363
334.56,4348
335.54,4295
337.5,4263
338.47,4230
339.45,1064
340.43,4141
341.41,1056
342.39,4109
343.36,4233
344.34,4075
345.32,4049
346.3,4035
347.28,4020
348.26,4000
349.23,3977
350.21,3971
351.19,3957
352.17,3950
353.15,3936
354.13,3566
355.1,3451
356.08,3573
357.06,3879
358.04,3909
359.02,3911
0,3907
0.97,3917
1.95,3922
2.93,3905
3.91,3917
4.89,3913
5.86,3921
6.84,3934
7.82,3936
9.78,3948
10.76,3950
11.73,3969
12.71,3993
13.69,4012
14.67,4024
15.65,4037
16.63,4047
17.6,4066
18.58,4098
19.56,4137
20.54,4154
22.5,4224
23.47,4253
24.45,4291
25.43,4336
26.41,4363
27.39,4406
28.36,4444
29.34,4401
30.32,4424
31.3,4577
32.28,4504
33.26,4391
34.23,4270
35.21,4163
36.19,4072
37.17,3973
38.15,3877
39.13,3801
40.1,3749
48.91,3172
49.89,3122
72.39,2511
73.36,2498
74.34,2488
75.32,2479
76.3,2468
77.28,2447
78.26,2443
79.23,2436
80.21,2427
81.19,2427
82.17,2412
83.15,2410
84.13,2402
85.1,2400
86.08,2393
87.06,2388
88.04,2388
89.02,2390
90,2388
90.97,2387
91.95,2390
92.93,2394
93.91,2396
94.89,2384
96.84,12520
99.78,7759
100.76,7675
101.73,7751
107.6,4664
108.58,4661
109.56,4667
110.54,4719
111.52,4795
112.5,6938
113.47,2629
114.45,2623
115.43,2657
116.41,2678
117.39,2694
118.36,2670
119.34,2661
120.32,2649
121.3,2575
122.28,2505
123.26,2427
124.23,2367
125.21,2310
126.19,2257
127.17,2207
128.15,2152
129.13,2110
130.1,2064
131.08,2021
132.06,1982
133.04,1947
135,1909
135.97,1875
136.95,1844
137.93,1812
138.91,1781
139.89,1754
140.86,1727
141.84,1698
142.82,1674
143.8,1652
144.78,1627
145.76,1609
146.73,1586
147.71,1569
148.69,1552
149.67,1534
150.65,1519
151.63,1513
152.6,1465
153.58,1457
154.56,1440
155.54,1430
156.52,1420
157.5,1410
158.47,1404
159.45,1392
160.43,1379
161.41,1374
162.39,1363
163.36,1356
164.34,1351
165.32,1348
166.3,1340
167.28,1334
168.26,1327
169.23,1325
170.21,1321
171.19,1316
172.17,1314
173.15,1314
174.13,1310
175.1,1309
176.08,1306
177.06,1307
178.04,1305
180,1300
180.97,1304
181.95,1304
182.93,1302
183.91,1306
184.89,1304
185.86,1305
186.84,1309
187.82,1315
188.8,1313
189.78,1316
190.76,1321
191.73,1327
192.71,1333
193.69,1332
194.67,1342
195.65,1348
196.63,1351
197.6,1360
198.58,1368
199.56,1378
200.54,1386
201.52,1391
202.5,1403
203.47,1414
204.45,1419
205.43,1431
206.41,1446
207.39,1458
208.36,1475
209.34,1487
210.32,1506
211.3,1524
212.28,1537
213.26,1557
214.23,1573
215.21,1597
216.19,1621
217.17,1641
218.15,1670
219.13,1692
220.1,1734
221.08,1764
222.06,1781
223.04,1822
224.02,1851
225,1884
225.97,1905
226.95,3179
227.93,3137
228.91,3098
229.89,3045
230.86,2986
231.84,2031
232.82,2255
233.8,2248
234.78,2313
235.76,2323
236.73,2333
237.71,2366
238.69,2553
239.67,2630
240.65,2623
241.63,2573
242.6,2547
243.58,2553
244.56,2537
245.54,2515
246.52,2509
247.5,2505
254.34,2642
255.32,2632
256.3,2689
257.28,2671
258.26,3993
268.04,2788
270,2647
270.97,2656
276.84,2623
277.82,2631
278.8,2585
279.78,2585
292.5,1003
293.47,5293
294.45,2784
304.23,1169
306.19,3165
307.17,3273
316.95,4031
317.93,3924
318.91,3909
323.8,4501
324.78,4442
325.76,4393
326.73,4233
327.71,4356
328.69,4577
329.67,4533
330.65,4478
331.63,4449
332.6,4406
333.58,4361
334.56,4334
335.54,4288
337.5,4258
338.47,4221
339.45,1065
340.43,4111
341.41,1057
342.39,4064
343.36,4124
344.34,4072
345.32,4041
346.3,4031
347.28,4018
348.26,3995
349.23,3977
350.21,3965
351.19,3961
352.17,3952
353.15,3936
354.13,3472
355.1,3477
356.08,3565
357.06,3907
358.04,3903
359.02,3907
0,3907
0.97,3905
1.95,3909
2.93,3905
3.91,3913
4.89,3919
5.86,3921
6.84,3936
7.82,3940
8.8,3909
9.78,3955
10.76,3969
11.73,3961
12.71,4000
13.69,4008
14.67,4014
15.65,4043
16.63,4045
17.6,4087
18.58,4104
19.56,4139
20.54,4152
22.5,4246
23.47,4260
24.45,4305
25.43,4343
26.41,4391
27.39,4416
28.36,4462
29.34,4396
30.32,4520
31.3,4593
32.28,4473
33.26,4346
34.23,4224
35.21,4139
36.19,4037
37.17,3946
38.15,3849
39.13,3769
48.91,3203
49.89,3151
50.86,3112
72.39,2505
73.36,2489
74.34,2479
75.32,2475
76.3,2464
77.28,2448
78.26,2440
79.23,2433
80.21,2420
81.19,2416
82.17,2411
83.15,2401
84.13,2398
85.1,2398
86.08,2393
87.06,2390
88.04,2393
89.02,2388
90,2391
90.97,2387
91.95,2396
92.93,2395
93.91,2385
94.89,2414
96.84,12450
99.78,7683
100.76,7646
103.69,13084
104.67,11018
106.63,4722
107.6,4705
108.58,4711
109.56,4741
110.54,4795
112.5,4874
113.47,2678
114.45,2625
115.43,2641
116.41,2667
117.39,2692
118.36,2679
119.34,2665
120.32,2656
121.3,2612
122.28,2538
123.26,2464
124.23,2399
125.21,2335
126.19,2279
127.17,2224
128.15,2172
129.13,2132
130.1,2088
131.08,2044
132.06,2001
133.04,1962
134.02,1926
135,1887
135.97,1856
136.95,1825
137.93,1799
138.91,1767
139.89,1738
140.86,1708
141.84,1684
142.82,1663
143.8,1640
144.78,1618
145.76,1598
146.73,1574
147.71,1557
148.69,1539
149.67,1525
150.65,1510
151.63,1477
152.6,1460
153.58,1448
154.56,1435
155.54,1425
157.5,1416
158.47,1402
159.45,1397
160.43,1384
161.41,1374
162.39,1369
163.36,1362
164.34,1354
165.32,1349
166.3,1340
167.28,1338
168.26,1330
169.23,1326
170.21,1320
171.19,1320
172.17,1315
173.15,1313
174.13,1311
175.1,1309
176.08,1305
177.06,1305
178.04,1306
179.02,1301
180,1303
180.97,1305
181.95,1302
182.93,1305
183.91,1304
184.89,1305
185.86,1309
186.84,1311
187.82,1316
188.8,1318
189.78,1323
190.76,1324
191.73,1329
192.71,1332
193.69,1338
194.67,1346
195.65,1350
196.63,1360
197.6,1365
198.58,1373
199.56,1384
200.54,1390
202.5,1399
203.47,1407
204.45,1416
205.43,1427
206.41,1441
207.39,1452
208.36,1470
209.34,1484
210.32,1499
211.3,1515
212.28,1533
213.26,1551
214.23,1569
215.21,1591
216.19,1611
217.17,1635
218.15,1663
219.13,1687
220.1,1714
221.08,1758
222.06,1788
223.04,1815
224.02,1842
225,1878
225.97,1900
226.95,3207
227.93,3149
228.91,3115
229.89,3054
230.86,2995
231.84,1953
232.82,2339
233.8,2256
234.78,2303
235.76,2324
236.73,2325
237.71,2356
238.69,2523
239.67,2609
240.65,2648
241.63,2622
242.6,2553
243.58,2554
244.56,2540
245.54,2515
246.52,2513
247.5,2509
254.34,2652
255.32,2638
256.3,2696
257.28,2677
258.26,2838
268.04,2647
270,2654
270.97,2671
271.95,2763
273.91,2703
276.84,2637
277.82,2630
278.8,2656
279.78,2588
292.5,1038
293.47,35000
294.45,2780
304.23,1014
305.21,12383
306.19,3170
307.17,3280
316.95,3862
317.93,3919
318.91,3907
322.82,933
323.8,5158
324.78,4507
325.76,4599
326.73,4226
327.71,4319
328.69,4563
329.67,4541
330.65,4486
331.63,4457
332.6,4406
333.58,4363
334.56,4343
335.54,4293
337.5,4258
338.47,4233
339.45,1065
340.43,4128
341.41,1056
342.39,4096
343.36,4174
344.34,4070
345.32,4041
346.3,4031
347.28,4014
348.26,4000
349.23,3975
350.21,3971
351.19,3955
352.17,3946
353.15,3934
354.13,3477
355.1,3475
356.08,3566
357.06,3905
358.04,3907
359.02,3909
0,3907
0.97,3909
1.95,3917
2.93,3903
3.91,3913
4.89,3919
5.86,3922
6.84,3934
7.82,3919
8.8,3888
9.78,3950
10.76,3967
11.73,3967
12.71,3991
13.69,4004
14.67,4012
15.65,4045
16.63,4043
17.6,4083
18.58,4102
19.56,4137
20.54,4154
22.5,4246
23.47,4263
24.45,4298
25.43,4339
26.41,4386
27.39,4416
28.36,4462
29.34,4376
30.32,4523
31.3,4593
32.28,4473
33.26,4341
34.23,4230
35.21,4141
36.19,4039
37.17,3942
38.15,3858
39.13,3771
48.91,3207
49.89,3153
50.86,3103
72.39,2506
73.36,2490
74.34,2479
75.32,2473
76.3,2463
77.28,2446
78.26,2440
79.23,2430
80.21,2418
81.19,2415
82.17,2412
83.15,2400
84.13,2398
85.1,2398
86.08,2392
87.06,2391
88.04,2395
90,2389
90.97,2390
91.95,2387
92.93,2396
93.91,2394
94.89,2381
96.84,12103
97.82,12473
100.76,7690
101.73,7660
104.67,13560
105.65,11510
107.6,4744
108.58,4719
109.56,4747
110.54,4778
111.52,4818
113.47,2662
114.45,2601
115.43,2644
116.41,2670
117.39,2694
118.36,2675
119.34,2662
120.32,2663
121.3,2592
122.28,2522
123.26,2453
124.23,2386
125.21,2328
126.19,2270
127.17,2218
128.15,2164
129.13,2124
130.1,2074
131.08,2035
132.06,1993
133.04,1956
134.02,1918
135,1880
135.97,1849
136.95,1819
137.93,1791
138.91,1761
139.89,1733
140.86,1703
141.84,1678
142.82,1658
143.8,1633
144.78,1613
145.76,1590
146.73,1571
147.71,1553
148.69,1537
149.67,1524
150.65,1513
151.63,1470
152.6,1458
153.58,1442
154.56,1431
155.54,1421
157.5,1412
158.47,1403
159.45,1394
160.43,1379
161.41,1374
162.39,1366
163.36,1358
164.34,1353
165.32,1348
166.3,1340
167.28,1334
168.26,1328
169.23,1325
170.21,1320
171.19,1317
172.17,1315
173.15,1313
174.13,1308
175.1,1308
176.08,1306
177.06,1307
178.04,1306
180,1300
180.97,1304
181.95,1304
182.93,1302
183.91,1305
184.89,1305
185.86,1306
186.84,1310
187.82,1315
188.8,1314
189.78,1316
190.76,1321
191.73,1327
192.71,1334
193.69,1334
194.67,1341
195.65,1350
196.63,1350
197.6,1359
198.58,1370
199.56,1379
200.54,1386
201.52,1391
202.5,1404
203.47,1415
204.45,1422
205.43,1434
206.41,1445
207.39,1459
208.36,1477
209.34,1488
210.32,1506
211.3,1526
212.28,1539
213.26,1562
214.23,1580
215.21,1602
216.19,1625
217.17,1646
218.15,1673
219.13,1700
220.1,1742
221.08,1769
222.06,1799
223.04,1826
224.02,1856
225,1885
225.97,1942
226.95,3176
227.93,3125
228.91,3065
229.89,3046
230.86,2980
231.84,2083
232.82,2255
233.8,2267
234.78,2319
235.76,2322
236.73,2340
237.71,2387
238.69,2574
239.67,2649
240.65,2623
241.63,2543
242.6,2552
243.58,2546
244.56,2526
245.54,2512
247.5,2515
248.47,2513
255.32,2639
256.3,2509
257.28,2677
258.26,2667
268.04,2750
269.02,2648
270,2666
270.97,2694
275.86,2826
276.84,2623
277.82,2644
278.8,2582
279.78,2589
292.5,987
293.47,3778
294.45,2785
295.43,2702
304.23,871
305.21,3226
306.19,3178
307.17,3251
316.95,1896
317.93,3905
318.91,3934
323.8,6675
324.78,4467
325.76,4531
326.73,4203
327.71,4295
328.69,4452
329.67,4558
330.65,4499
331.63,4462
332.6,4419
333.58,4366
334.56,4341
335.54,4281
336.52,4256
337.5,4242
338.47,1062
339.45,4163
340.43,1056
341.41,4113
342.39,4339
343.36,4079
344.34,4051
345.32,4035
346.3,4020
347.28,4000
348.26,3975
349.23,3973
350.21,3959
351.19,3948
352.17,3936
353.15,3579
354.13,3454
355.1,3573
356.08,3888
357.06,3909
358.04,3911
0,3909
0.97,3917
1.95,3919
2.93,3909
3.91,3913
4.89,3913
5.86,3921
6.84,3928
7.82,3940
8.8,4081
9.78,3957
10.76,3965
11.73,3967
12.71,3999
13.69,4006
14.67,4014
15.65,4047
16.63,4041
17.6,4081
18.58,4089
19.56,4128
20.54,4157
22.5,4244
23.47,4265
24.45,4291
25.43,4339
26.41,4383
27.39,4416
28.36,4460
29.34,4371
30.32,4523
31.3,4593
32.28,4470
33.26,4341
34.23,4228
35.21,4141
36.19,4037
37.17,3944
38.15,3862
39.13,3773
48.91,3203
49.89,3150
50.86,3094
72.39,2502
73.36,2488
74.34,2480
75.32,2473
76.3,2458
77.28,2446
78.26,2438
79.23,2431
80.21,2423
81.19,2415
82.17,2410
83.15,2399
84.13,2400
85.1,2396
86.08,2389
87.06,2391
88.04,2392
90,2390
90.97,2387
91.95,2389
92.93,2395
93.91,2394
94.89,2380
96.84,12294
97.82,12687
99.78,7616
100.76,7690
101.73,7728
105.65,11494
107.6,4752
108.58,4736
109.56,4795
110.54,4806
111.52,4841
112.5,6970
113.47,2641
114.45,2617
115.43,2655
116.41,2675
117.39,2696
118.36,2671
119.34,2656
120.32,2654
121.3,2576
122.28,2507
123.26,2430
124.23,2368
125.21,2311
126.19,2258
127.17,2207
128.15,2151
129.13,2109
130.1,2063
131.08,2020
132.06,1981
133.04,1946
135,1906
135.97,1874
136.95,1841
137.93,1810
138.91,1779
139.89,1753
140.86,1723
141.84,1698
142.82,1673
143.8,1650
144.78,1623
145.76,1605
146.73,1585
147.71,1569
148.69,1549
149.67,1529
150.65,1515
151.63,1480
152.6,1468
153.58,1452
154.56,1442
155.54,1431
156.52,1417
157.5,1406
158.47,1401
159.45,1386
160.43,1376
161.41,1369
162.39,1363
163.36,1357
164.34,1351
165.32,1344
166.3,1338
167.28,1332
168.26,1327
169.23,1322
170.21,1320
171.19,1316
172.17,1314
173.15,1311
174.13,1308
175.1,1306
176.08,1305
177.06,1304
178.04,1302
180,1301
180.97,1305
181.95,1302
182.93,1303
183.91,1306
184.89,1306
185.86,1307
186.84,1310
187.82,1317
188.8,1317
189.78,1322
190.76,1323
191.73,1329
192.71,1333
193.69,1338
194.67,1345
195.65,1349
196.63,1355
197.6,1362
198.58,1372
199.56,1380
200.54,1390
201.52,1398
202.5,1405
203.47,1418
204.45,1425
205.43,1440
206.41,1451
207.39,1468
208.36,1482
209.34,1498
210.32,1513
211.3,1531
212.28,1549
213.26,1568
214.23,1590
215.21,1609
216.19,1634
217.17,1663
218.15,1685
219.13,1713
220.1,1757
221.08,1788
222.06,1814
223.04,1842
225,1878
225.97,1900
226.95,3221
227.93,3155
228.91,3111
229.89,3054
230.86,2997
231.84,2020
232.82,2335
233.8,2255
234.78,2305
235.76,2323
236.73,2327
237.71,2361
238.69,2535
239.67,2616
240.65,2634
241.63,2603
242.6,2552
243.58,2554
244.56,2540
245.54,2514
246.52,2512
247.5,2510
254.34,2648
255.32,2632
256.3,2691
257.28,2671
258.26,4031
268.04,2691
270,2645
270.97,2657
276.84,2623
277.82,2631
278.8,2578
279.78,2582
292.5,1631
293.47,1817
294.45,2800
304.23,1967
305.21,10068
306.19,3191
307.17,3285
316.95,1896
317.93,3903
318.91,3950
319.89,3926
323.8,2749
324.78,4470
325.76,4523
326.73,4174
327.71,4274
328.69,4401
329.67,4552
330.65,4520
331.63,4460
332.6,4426
333.58,4378
334.56,4351
335.54,4288
336.52,4260
337.5,4242
338.47,3195
339.45,4176
340.43,1079
341.41,4126
343.36,4083
344.34,4062
345.32,4035
346.3,4031
347.28,4006
348.26,3979
349.23,3975
350.21,3955
351.19,3950
352.17,3942
353.15,3756
354.13,3480
355.1,3591
356.08,3836
357.06,3911
358.04,3909
0,3909
1.02,3915
2.04,3913
3.06,3905
4.09,3913
5.11,3915
6.13,3919
7.15,3938
8.18,3934
9.2,4033
10.22,3948
11.25,3952
12.27,3967
13.29,3997
14.31,4004
15.34,4020
16.36,4039
17.38,4049
18.4,4077
19.43,4096
20.45,4128
21.47,4157
22.5,4240
23.52,4258
24.54,4288
25.56,4334
26.59,4378
27.61,4416
28.63,4460
29.65,4363
30.68,4483
31.7,4590
32.72,4478
33.75,4351
34.77,4242
35.79,4143
36.81,4041
37.84,3955
38.86,3866
39.88,3780
49.09,3207
50.11,3151
51.13,3104
72.61,2501
73.63,2488
74.65,2480
75.68,2472
76.7,2457
77.72,2446
78.75,2437
79.77,2430
80.79,2423
81.81,2413
82.84,2412
83.86,2399
84.88,2399
85.9,2396
86.93,2388
87.95,2392
88.97,2391
90,2388
91.02,2386
92.04,2388
93.06,2395
94.09,2395
95.11,2381
97.15,12544
98.18,12687
100.22,7805
101.25,7683
102.27,7728
106.36,11494
107.38,4815
108.4,4784
109.43,4767
110.45,4781
111.47,4833
112.5,6820
113.52,2626
114.54,2626
115.56,2660
116.59,2678
117.61,2695
118.63,2670
119.65,2661
120.68,2643
121.7,2572
122.72,2502
123.75,2424
124.77,2361
125.79,2305
126.81,2248
127.84,2200
128.86,2145
129.88,2102
130.9,2059
131.93,2015
132.95,1975
133.97,1939
135,1901
136.02,1870
137.04,1835
138.06,1805
139.09,1776
140.11,1749
141.13,1717
142.15,1694
143.18,1670
144.2,1645
145.22,1622
146.25,1602
147.27,1583
148.29,1564
149.31,1547
150.34,1526
151.36,1514
152.38,1480
153.4,1468
154.43,1449
155.45,1439
156.47,1430
157.5,1417
158.52,1406
159.54,1398
160.56,1386
161.59,1377
162.61,1368
163.63,1363
164.65,1357
165.68,1348
166.7,1341
167.72,1337
168.75,1329
169.77,1327
170.79,1322
171.81,1320
172.84,1314
173.86,1312
174.88,1311
175.9,1308
176.93,1307
177.95,1305
178.97,1304
180,1303
181.02,1305
182.04,1304
183.06,1304
184.09,1304
185.11,1307
186.13,1309
187.15,1313
188.18,1315
189.2,1317
190.22,1323
191.25,1325
192.27,1330
193.29,1333
194.31,1341
195.34,1347
196.36,1351
197.38,1361
198.4,1365
199.43,1372
200.45,1385
201.47,1391
202.5,1401
203.52,1409
204.54,1418
205.56,1429
206.59,1446
207.61,1457
208.63,1473
209.65,1487
210.68,1503
211.7,1520
212.72,1535
213.75,1555
214.77,1572
215.79,1596
216.81,1620
217.84,1640
218.86,1668
219.88,1693
220.9,1739
221.93,1763
222.95,1794
223.97,1822
225,1884
226.02,1904
227.04,3191
228.06,3131
229.09,3090
230.11,3045
231.13,2992
232.15,2063
233.18,2252
234.2,2257
235.22,2317
236.25,2320
237.27,2333
238.29,2377
239.31,2568
240.34,2642
241.36,2621
242.38,2545
243.4,2554
244.43,2547
245.45,2526
246.47,2514
247.5,2515
248.52,2512
255.68,2636
256.7,2589
257.72,2679
258.75,2666
268.97,2740
270,2671
271.02,2737
276.13,2827
277.15,2624
278.18,2638
279.2,2584
280.22,2597
292.5,1032
293.52,6095
294.54,2781
304.77,946
305.79,5975
306.81,3178
307.84,3284
317.04,4152
318.06,3924
319.09,3901
324.2,5396
325.22,4442
326.25,4651
327.27,4219
328.29,4339
329.31,4585
330.34,4549
331.36,4488
332.38,4452
333.4,4406
334.43,4353
335.45,4319
336.47,4291
337.5,4256
338.52,4228
339.54,1064
340.56,4083
341.59,1056
342.61,4060
343.63,4130
344.65,4077
345.68,4041
346.7,4031
347.72,4010
348.75,3991
349.77,3975
350.79,3965
351.81,3957
352.84,3946
353.86,3944
354.88,3466
355.9,3492
356.93,3559
357.95,3915
358.97,3911
